category,sub_category,discount_band,lines,avg_units_per_line,sales,profit,margin_pct,discount_usd,base_units_per_line,base_margin_pct,unit_lift
Furniture,Bookcases,0%,60,3.52,31936.0,6076.0,19.0,0.0,3.52,19.0,0.0
Furniture,Bookcases,1-20%,98,3.72,54400.0,1549.0,2.8,11574.0,3.52,19.0,0.057
Furniture,Bookcases,21-40%,37,4.0,18776.0,-2947.0,-15.7,8656.0,3.52,19.0,0.136
Furniture,Bookcases,>40%,33,4.36,9768.0,-8151.0,-83.4,13047.0,3.52,19.0,0.239
Furniture,Chairs,0%,133,4.06,91061.0,21933.0,24.1,0.0,4.06,24.1,0.0
Furniture,Chairs,1-20%,326,3.69,167383.0,11394.0,6.8,35369.0,4.06,24.1,-0.091
Furniture,Chairs,21-40%,158,3.89,70006.0,-6737.0,-9.6,30002.0,4.06,24.1,-0.042
Furniture,Furnishings,0%,571,3.79,61450.0,16848.0,27.4,0.0,3.79,27.4,0.0
Furniture,Furnishings,1-20%,248,3.63,23611.0,2156.0,9.1,5903.0,3.79,27.4,-0.042
Furniture,Furnishings,>40%,138,3.63,6645.0,-5945.0,-89.5,9967.0,3.79,27.4,-0.042
Furniture,Tables,0%,72,4.31,71579.0,13276.0,18.5,0.0,4.31,18.5,0.0
Furniture,Tables,1-20%,71,3.96,45430.0,-304.0,-0.7,11358.0,4.31,18.5,-0.081
Furniture,Tables,21-40%,129,3.66,70797.0,-19590.0,-27.7,41202.0,4.31,18.5,-0.151
Furniture,Tables,>40%,47,3.79,19160.0,-11108.0,-58.0,18163.0,4.31,18.5,-0.121
Office Supplies,Appliances,0%,271,3.77,78066.0,23184.0,29.7,0.0,3.77,29.7,0.0
Office Supplies,Appliances,1-20%,128,3.7,26083.0,3584.0,13.7,5920.0,3.77,29.7,-0.019
Office Supplies,Appliances,>40%,67,3.51,3383.0,-8630.0,-255.1,13530.0,3.77,29.7,-0.069
Office Supplies,Art,0%,498,3.82,18015.0,5381.0,29.9,0.0,3.82,29.9,0.0
Office Supplies,Art,1-20%,298,3.68,9104.0,1147.0,12.6,2276.0,3.82,29.9,-0.037
Office Supplies,Binders,0%,337,3.83,81829.0,39314.0,48.0,0.0,3.83,48.0,0.0
Office Supplies,Binders,1-20%,573,3.89,85443.0,29418.0,34.4,21361.0,3.83,48.0,0.016
Office Supplies,Binders,>40%,613,4.01,36141.0,-38510.0,-106.6,106963.0,3.83,48.0,0.047
Office Supplies,Envelopes,0%,152,3.61,10606.0,4977.0,46.9,0.0,3.61,46.9,0.0
Office Supplies,Envelopes,1-20%,102,3.51,5870.0,1987.0,33.9,1468.0,3.61,46.9,-0.028
Office Supplies,Fasteners,0%,128,3.94,1823.0,652.0,35.8,0.0,3.94,35.8,0.0
Office Supplies,Fasteners,1-20%,89,4.61,1201.0,297.0,24.7,300.0,3.94,35.8,0.17
Office Supplies,Labels,0%,239,3.95,9240.0,4422.0,47.9,0.0,3.95,47.9,0.0
Office Supplies,Labels,1-20%,125,3.64,3247.0,1124.0,34.6,812.0,3.95,47.9,-0.078
Office Supplies,Paper,0%,857,3.77,53158.0,25329.0,47.6,0.0,3.77,47.6,0.0
Office Supplies,Paper,1-20%,513,3.8,25321.0,8724.0,34.5,6330.0,3.77,47.6,0.008
Office Supplies,Storage,0%,530,3.86,157854.0,25528.0,16.2,0.0,3.86,16.2,0.0
Office Supplies,Storage,1-20%,316,3.53,65990.0,-4249.0,-6.4,16497.0,3.86,16.2,-0.085
Office Supplies,Supplies,0%,117,3.42,31559.0,1718.0,5.4,0.0,3.42,5.4,0.0
Office Supplies,Supplies,1-20%,73,3.38,15114.0,-2907.0,-19.2,3779.0,3.42,5.4,-0.012
Technology,Accessories,0%,471,3.9,118370.0,35289.0,29.8,0.0,3.9,29.8,0.0
Technology,Accessories,1-20%,304,3.75,49010.0,6647.0,13.6,12253.0,3.9,29.8,-0.038
Technology,Copiers,0%,22,3.73,76449.0,35556.0,46.5,0.0,3.73,46.5,0.0
Technology,Copiers,1-20%,37,3.22,56159.0,17879.0,31.8,14040.0,3.73,46.5,-0.137
Technology,Machines,0%,29,4.76,71034.0,27138.0,38.2,0.0,4.76,38.2,0.0
Technology,Machines,1-20%,33,3.7,41366.0,5802.0,14.0,9868.0,4.76,38.2,-0.223
Technology,Machines,>40%,35,3.46,53537.0,-27215.0,-50.8,74339.0,4.76,38.2,-0.273
Technology,Phones,0%,311,3.54,123880.0,34365.0,27.7,0.0,3.54,27.7,0.0
Technology,Phones,1-20%,469,3.78,171790.0,16536.0,9.6,42947.0,3.54,27.7,0.068
Technology,Phones,21-40%,109,3.8,34337.0,-6386.0,-18.6,22892.0,3.54,27.7,0.073
