product_id,sub_category,units_full,units_disc,n_full,n_disc
FUR-BO-10000330,Bookcases,2.0,4.0,1,2
FUR-BO-10000362,Bookcases,4.0,2.0,2,3
FUR-BO-10000468,Bookcases,2.6666666666666665,4.333333333333333,3,3
FUR-BO-10001337,Bookcases,2.0,3.142857142857143,3,7
FUR-BO-10001519,Bookcases,6.0,3.3333333333333335,2,3
FUR-BO-10001608,Bookcases,4.0,7.333333333333333,2,3
FUR-BO-10001619,Bookcases,1.0,5.0,1,1
FUR-BO-10001798,Bookcases,2.0,3.3333333333333335,1,3
FUR-BO-10001972,Bookcases,2.0,5.833333333333333,1,6
FUR-BO-10002213,Bookcases,5.0,4.111111111111111,1,9
FUR-BO-10002545,Bookcases,4.333333333333333,4.4,3,5
FUR-BO-10002598,Bookcases,4.25,2.0,4,1
FUR-BO-10002824,Bookcases,2.0,2.0,1,2
FUR-BO-10002853,Bookcases,1.5,3.0,2,2
FUR-BO-10002916,Bookcases,4.0,3.0,3,1
FUR-BO-10003159,Bookcases,3.5,2.4,2,5
FUR-BO-10003433,Bookcases,2.0,6.0,1,2
FUR-BO-10003441,Bookcases,3.0,3.0,1,5
FUR-BO-10003450,Bookcases,5.0,4.0,2,1
FUR-BO-10003546,Bookcases,4.0,7.0,2,2
FUR-BO-10003660,Bookcases,1.5,1.0,2,1
FUR-BO-10003966,Bookcases,2.0,2.6666666666666665,1,3
FUR-BO-10004015,Bookcases,2.5,4.142857142857143,2,7
FUR-BO-10004357,Bookcases,7.0,3.3333333333333335,1,3
FUR-BO-10004360,Bookcases,1.0,3.0,1,1
FUR-BO-10004409,Bookcases,2.0,3.25,2,4
FUR-BO-10004467,Bookcases,2.5,4.333333333333333,2,6
FUR-BO-10004690,Bookcases,5.0,4.0,1,1
FUR-BO-10004695,Bookcases,6.0,3.25,3,4
FUR-BO-10004709,Bookcases,2.5,3.857142857142857,2,7
FUR-BO-10004834,Bookcases,5.0,4.75,1,4
FUR-CH-10000015,Chairs,5.0,7.0,3,3
FUR-CH-10000155,Chairs,3.0,2.2,1,5
FUR-CH-10000225,Chairs,8.0,2.8333333333333335,1,6
FUR-CH-10000309,Chairs,3.5,3.3333333333333335,2,3
FUR-CH-10000422,Chairs,3.3333333333333335,4.0,3,6
FUR-CH-10000454,Chairs,4.25,4.25,4,8
FUR-CH-10000513,Chairs,6.666666666666667,3.6666666666666665,3,6
FUR-CH-10000553,Chairs,1.5,6.666666666666667,2,3
FUR-CH-10000595,Chairs,2.5,3.6666666666666665,2,6
FUR-CH-10000665,Chairs,3.0,3.7142857142857144,2,7
FUR-CH-10000749,Chairs,9.0,4.0,1,1
FUR-CH-10000785,Chairs,2.75,4.0,4,7
FUR-CH-10000847,Chairs,3.0,3.0,3,3
FUR-CH-10000863,Chairs,2.0,3.5,2,6
FUR-CH-10000988,Chairs,5.5,4.125,2,8
FUR-CH-10001146,Chairs,2.6666666666666665,3.5833333333333335,3,12
FUR-CH-10001270,Chairs,3.6666666666666665,4.6,3,5
FUR-CH-10001482,Chairs,3.0,2.8,2,5
FUR-CH-10001545,Chairs,2.0,3.2,1,5
FUR-CH-10001708,Chairs,9.0,3.8333333333333335,1,6
FUR-CH-10001714,Chairs,5.0,2.0,1,4
FUR-CH-10001797,Chairs,13.0,4.333333333333333,1,3
FUR-CH-10001854,Chairs,3.25,3.75,4,4
FUR-CH-10001891,Chairs,2.5,3.0,2,4
FUR-CH-10001973,Chairs,1.0,3.3333333333333335,1,6
FUR-CH-10002017,Chairs,1.0,2.75,1,4
FUR-CH-10002024,Chairs,5.0,4.857142857142857,1,7
FUR-CH-10002073,Chairs,4.5,6.5,2,2
FUR-CH-10002084,Chairs,4.333333333333333,5.0,3,2
FUR-CH-10002304,Chairs,4.0,7.2,2,5
FUR-CH-10002320,Chairs,6.5,4.5,2,2
FUR-CH-10002331,Chairs,4.0,4.0,2,4
FUR-CH-10002335,Chairs,5.0,3.1666666666666665,3,6
FUR-CH-10002372,Chairs,3.0,2.6666666666666665,1,6
FUR-CH-10002439,Chairs,4.5,5.5,2,4
FUR-CH-10002602,Chairs,8.0,2.9,1,10
FUR-CH-10002647,Chairs,3.6666666666666665,4.416666666666667,3,12
FUR-CH-10002880,Chairs,4.666666666666667,3.6363636363636362,3,11
FUR-CH-10003061,Chairs,2.0,2.5,2,6
FUR-CH-10003199,Chairs,3.0,3.4,1,5
FUR-CH-10003298,Chairs,2.0,4.125,1,8
FUR-CH-10003379,Chairs,4.0,3.5,3,6
FUR-CH-10003535,Chairs,2.0,3.7142857142857144,1,7
FUR-CH-10003606,Chairs,4.0,1.0,1,2
FUR-CH-10003746,Chairs,4.0,2.6,2,5
FUR-CH-10003761,Chairs,6.0,2.0,1,1
FUR-CH-10003774,Chairs,6.0,4.076923076923077,1,13
FUR-CH-10003817,Chairs,4.333333333333333,4.285714285714286,3,7
FUR-CH-10003833,Chairs,3.0,4.5,1,8
FUR-CH-10003846,Chairs,4.0,2.5,2,2
FUR-CH-10003956,Chairs,1.0,5.0,1,3
FUR-CH-10003968,Chairs,3.0,3.8,1,5
FUR-CH-10004063,Chairs,8.0,3.1666666666666665,2,6
FUR-CH-10004086,Chairs,5.0,4.142857142857143,1,7
FUR-CH-10004218,Chairs,5.666666666666667,3.0,3,6
FUR-CH-10004287,Chairs,3.0,4.166666666666667,1,12
FUR-CH-10004289,Chairs,3.5,4.6,2,5
FUR-CH-10004477,Chairs,3.0,5.125,1,8
FUR-CH-10004495,Chairs,3.5,3.1666666666666665,2,6
FUR-CH-10004626,Chairs,4.0,2.0,4,2
FUR-CH-10004675,Chairs,5.0,3.0,3,4
FUR-CH-10004698,Chairs,2.0,4.0,1,7
FUR-CH-10004754,Chairs,4.666666666666667,4.25,3,4
FUR-CH-10004853,Chairs,3.3333333333333335,4.333333333333333,3,3
FUR-CH-10004860,Chairs,3.0,2.5714285714285716,1,7
FUR-CH-10004875,Chairs,4.5,2.5,2,6
FUR-CH-10004997,Chairs,3.3333333333333335,4.714285714285714,3,7
FUR-FU-10000010,Furnishings,3.888888888888889,1.0,9,1
FUR-FU-10000023,Furnishings,7.75,2.8,4,5
FUR-FU-10000073,Furnishings,6.5,4.0,2,1
FUR-FU-10000076,Furnishings,3.5,6.5,4,2
FUR-FU-10000087,Furnishings,2.0,3.0,2,4
FUR-FU-10000175,Furnishings,6.0,3.3333333333333335,1,3
FUR-FU-10000193,Furnishings,4.0,3.0,2,4
FUR-FU-10000206,Furnishings,2.0,3.5,3,4
FUR-FU-10000221,Furnishings,4.666666666666667,3.3333333333333335,6,3
FUR-FU-10000222,Furnishings,2.0,4.25,1,4
FUR-FU-10000246,Furnishings,4.0,5.0,3,2
FUR-FU-10000260,Furnishings,3.5,6.0,2,2
FUR-FU-10000277,Furnishings,4.0,3.0,3,2
FUR-FU-10000293,Furnishings,4.0,2.0,3,1
FUR-FU-10000305,Furnishings,2.5,2.0,2,1
FUR-FU-10000308,Furnishings,3.8333333333333335,3.0,6,1
FUR-FU-10000320,Furnishings,4.0,6.0,3,3
FUR-FU-10000409,Furnishings,2.5,2.0,2,1
FUR-FU-10000521,Furnishings,3.0,4.0,3,1
FUR-FU-10000550,Furnishings,3.6666666666666665,2.6666666666666665,3,3
FUR-FU-10000576,Furnishings,5.0,4.333333333333333,2,3
FUR-FU-10000629,Furnishings,4.833333333333333,2.5,6,2
FUR-FU-10000723,Furnishings,3.8,3.5,5,4
FUR-FU-10000732,Furnishings,3.0,4.0,6,1
FUR-FU-10000747,Furnishings,2.8333333333333335,6.0,6,1
FUR-FU-10000758,Furnishings,5.5,4.0,2,3
FUR-FU-10000820,Furnishings,3.5,1.5,2,2
FUR-FU-10000965,Furnishings,4.4,2.0,5,1
FUR-FU-10001025,Furnishings,5.0,6.0,1,2
FUR-FU-10001037,Furnishings,3.0,3.5,3,4
FUR-FU-10001057,Furnishings,3.5,5.0,2,2
FUR-FU-10001085,Furnishings,4.0,3.0,2,2
FUR-FU-10001095,Furnishings,2.0,3.6,3,5
FUR-FU-10001185,Furnishings,5.25,7.0,4,1
FUR-FU-10001196,Furnishings,4.75,7.0,4,1
FUR-FU-10001215,Furnishings,5.0,2.0,3,1
FUR-FU-10001290,Furnishings,6.333333333333333,2.0,3,1
FUR-FU-10001379,Furnishings,1.0,3.0,1,1
FUR-FU-10001424,Furnishings,2.25,2.5,4,2
FUR-FU-10001468,Furnishings,7.0,3.6,1,5
FUR-FU-10001473,Furnishings,4.857142857142857,3.2857142857142856,7,7
FUR-FU-10001475,Furnishings,4.0,4.333333333333333,2,3
FUR-FU-10001488,Furnishings,3.5,3.6,2,5
FUR-FU-10001546,Furnishings,3.0,2.0,1,6
FUR-FU-10001588,Furnishings,4.333333333333333,5.0,3,1
FUR-FU-10001591,Furnishings,4.75,2.0,4,2
FUR-FU-10001602,Furnishings,2.6666666666666665,3.0,3,3
FUR-FU-10001617,Furnishings,4.0,3.0,1,1
FUR-FU-10001706,Furnishings,4.125,5.5,8,2
FUR-FU-10001731,Furnishings,5.6,3.0,5,3
FUR-FU-10001756,Furnishings,5.0,3.0,1,5
FUR-FU-10001847,Furnishings,2.75,1.0,4,1
FUR-FU-10001852,Furnishings,4.333333333333333,4.0,3,2
FUR-FU-10001861,Furnishings,4.5,3.0,4,2
FUR-FU-10001867,Furnishings,5.0,4.0,1,2
FUR-FU-10001876,Furnishings,5.0,2.4,2,5
FUR-FU-10001889,Furnishings,4.5,4.5,4,2
FUR-FU-10001918,Furnishings,4.6,2.6666666666666665,5,3
FUR-FU-10001935,Furnishings,4.5,3.75,4,4
FUR-FU-10001940,Furnishings,4.0,3.6666666666666665,4,6
FUR-FU-10001967,Furnishings,2.0,1.6,1,5
FUR-FU-10001979,Furnishings,6.0,2.0,4,2
FUR-FU-10001986,Furnishings,5.0,3.0,1,3
FUR-FU-10002088,Furnishings,4.333333333333333,2.25,3,4
FUR-FU-10002107,Furnishings,4.0,5.5,2,2
FUR-FU-10002111,Furnishings,3.5,3.0,2,1
FUR-FU-10002116,Furnishings,2.6666666666666665,3.5,3,2
FUR-FU-10002191,Furnishings,1.6666666666666667,3.0,3,2
FUR-FU-10002240,Furnishings,3.0,5.0,1,1
FUR-FU-10002253,Furnishings,4.666666666666667,3.25,3,4
FUR-FU-10002268,Furnishings,3.2,9.0,5,2
FUR-FU-10002298,Furnishings,4.5,5.0,2,3
FUR-FU-10002364,Furnishings,2.25,3.75,8,4
FUR-FU-10002396,Furnishings,3.0,4.0,2,3
FUR-FU-10002445,Furnishings,3.3333333333333335,2.5,6,2
FUR-FU-10002456,Furnishings,2.6666666666666665,4.75,3,4
FUR-FU-10002501,Furnishings,6.0,7.0,3,3
FUR-FU-10002505,Furnishings,3.0,6.0,2,2
FUR-FU-10002506,Furnishings,2.0,4.0,2,1
FUR-FU-10002508,Furnishings,3.0,3.0,1,1
FUR-FU-10002597,Furnishings,4.333333333333333,2.0,6,1
FUR-FU-10002671,Furnishings,2.75,2.0,4,1
FUR-FU-10002703,Furnishings,2.0,2.0,1,1
FUR-FU-10002759,Furnishings,5.333333333333333,4.0,3,5
FUR-FU-10002813,Furnishings,3.0,3.0,4,1
FUR-FU-10002878,Furnishings,3.5,1.5,4,2
FUR-FU-10002885,Furnishings,4.0,2.3333333333333335,3,3
FUR-FU-10002918,Furnishings,2.6666666666666665,5.0,3,2
FUR-FU-10002937,Furnishings,4.0,3.0,5,3
FUR-FU-10002960,Furnishings,4.0,5.666666666666667,2,3
FUR-FU-10002963,Furnishings,3.0,1.0,3,1
FUR-FU-10003026,Furnishings,2.5,4.0,2,1
FUR-FU-10003039,Furnishings,2.6666666666666665,2.0,3,3
FUR-FU-10003096,Furnishings,3.5,5.0,2,1
FUR-FU-10003142,Furnishings,4.8,6.0,5,1
FUR-FU-10003192,Furnishings,5.0,3.0,3,1
FUR-FU-10003194,Furnishings,3.0,4.5,2,2
FUR-FU-10003247,Furnishings,4.666666666666667,2.3333333333333335,3,3
FUR-FU-10003268,Furnishings,4.25,1.5,4,2
FUR-FU-10003274,Furnishings,4.5,3.0,4,1
FUR-FU-10003374,Furnishings,3.0,8.0,1,1
FUR-FU-10003394,Furnishings,4.25,3.0,4,3
FUR-FU-10003424,Furnishings,7.0,4.5,1,2
FUR-FU-10003464,Furnishings,2.6666666666666665,3.0,3,1
FUR-FU-10003489,Furnishings,3.0,3.0,1,1
FUR-FU-10003535,Furnishings,4.25,2.0,4,2
FUR-FU-10003553,Furnishings,3.5,3.3333333333333335,2,3
FUR-FU-10003577,Furnishings,7.0,4.0,2,1
FUR-FU-10003601,Furnishings,3.0,5.0,2,4
FUR-FU-10003623,Furnishings,5.0,3.6666666666666665,2,3
FUR-FU-10003664,Furnishings,7.0,5.0,4,1
FUR-FU-10003691,Furnishings,3.6666666666666665,3.5,3,2
FUR-FU-10003708,Furnishings,4.75,2.5,4,2
FUR-FU-10003724,Furnishings,4.166666666666667,4.333333333333333,6,3
FUR-FU-10003773,Furnishings,4.0,4.0,3,2
FUR-FU-10003799,Furnishings,4.333333333333333,3.5,3,2
FUR-FU-10003806,Furnishings,5.0,4.5,2,2
FUR-FU-10003829,Furnishings,3.5,3.0,4,3
FUR-FU-10003832,Furnishings,5.5,3.0,2,3
FUR-FU-10003849,Furnishings,2.0,2.5,3,2
FUR-FU-10003878,Furnishings,3.0,4.0,3,3
FUR-FU-10003976,Furnishings,2.5,7.0,4,1
FUR-FU-10003981,Furnishings,2.6666666666666665,4.0,3,2
FUR-FU-10004006,Furnishings,2.75,3.0,4,2
FUR-FU-10004017,Furnishings,2.6,4.0,5,2
FUR-FU-10004020,Furnishings,4.0,4.0,2,3
FUR-FU-10004053,Furnishings,2.5,1.5,4,2
FUR-FU-10004071,Furnishings,3.0,4.0,3,1
FUR-FU-10004090,Furnishings,2.0,3.5,5,2
FUR-FU-10004091,Furnishings,4.2,6.0,5,3
FUR-FU-10004093,Furnishings,3.0,2.0,2,1
FUR-FU-10004245,Furnishings,4.0,2.0,2,1
FUR-FU-10004270,Furnishings,3.375,3.0,8,8
FUR-FU-10004306,Furnishings,5.0,2.4,1,5
FUR-FU-10004351,Furnishings,4.666666666666667,3.3333333333333335,3,3
FUR-FU-10004415,Furnishings,2.0,4.666666666666667,1,3
FUR-FU-10004460,Furnishings,5.0,9.0,1,1
FUR-FU-10004586,Furnishings,2.3333333333333335,3.0,3,3
FUR-FU-10004587,Furnishings,3.0,6.0,1,2
FUR-FU-10004597,Furnishings,2.5,1.5,2,2
FUR-FU-10004622,Furnishings,2.5,5.0,2,1
FUR-FU-10004666,Furnishings,3.5,3.0,2,1
FUR-FU-10004671,Furnishings,2.0,2.5,2,4
FUR-FU-10004748,Furnishings,2.3333333333333335,5.0,3,1
FUR-FU-10004845,Furnishings,6.0,2.0,2,1
FUR-FU-10004848,Furnishings,2.857142857142857,4.8,7,5
FUR-FU-10004864,Furnishings,3.5555555555555554,3.5,9,4
FUR-FU-10004909,Furnishings,6.0,4.0,1,3
FUR-FU-10004952,Furnishings,2.3333333333333335,6.0,3,1
FUR-FU-10004963,Furnishings,3.6666666666666665,3.6666666666666665,3,3
FUR-FU-10004973,Furnishings,4.0,4.375,4,8
FUR-TA-10000198,Tables,3.0,6.0,1,4
FUR-TA-10000577,Tables,2.5,4.0,2,6
FUR-TA-10000617,Tables,4.666666666666667,2.6666666666666665,3,3
FUR-TA-10000688,Tables,3.3333333333333335,2.6666666666666665,3,3
FUR-TA-10001039,Tables,2.4,5.833333333333333,5,6
FUR-TA-10001086,Tables,8.0,4.5,1,4
FUR-TA-10001095,Tables,6.5,4.363636363636363,2,11
FUR-TA-10001307,Tables,5.0,2.25,1,4
FUR-TA-10001520,Tables,4.0,4.428571428571429,2,7
FUR-TA-10001705,Tables,9.0,3.3333333333333335,1,3
FUR-TA-10001768,Tables,3.0,3.8,1,5
FUR-TA-10001771,Tables,3.0,5.333333333333333,1,3
FUR-TA-10001857,Tables,2.0,3.0,1,3
FUR-TA-10001889,Tables,8.0,4.166666666666667,1,6
FUR-TA-10001932,Tables,7.0,3.0,1,5
FUR-TA-10001950,Tables,4.0,5.5,2,2
FUR-TA-10002041,Tables,2.0,3.6,1,5
FUR-TA-10002356,Tables,1.0,2.8,1,5
FUR-TA-10002530,Tables,4.0,4.5,3,4
FUR-TA-10002533,Tables,2.0,6.0,1,4
FUR-TA-10002607,Tables,4.0,5.714285714285714,1,7
FUR-TA-10002645,Tables,10.0,3.3333333333333335,1,3
FUR-TA-10002855,Tables,7.0,3.0,1,4
FUR-TA-10002903,Tables,5.0,4.75,1,4
FUR-TA-10002958,Tables,5.5,4.166666666666667,2,6
FUR-TA-10003008,Tables,4.5,1.8333333333333333,2,6
FUR-TA-10003238,Tables,3.0,1.6,1,5
FUR-TA-10003392,Tables,4.5,2.5,2,2
FUR-TA-10003473,Tables,3.5,3.9,2,10
FUR-TA-10003569,Tables,2.3333333333333335,4.666666666666667,3,3
FUR-TA-10003715,Tables,6.0,4.0,1,3
FUR-TA-10003748,Tables,6.666666666666667,4.0,3,5
FUR-TA-10003954,Tables,6.5,5.666666666666667,2,3
FUR-TA-10004086,Tables,5.0,3.4,2,5
FUR-TA-10004147,Tables,4.0,3.0,1,3
FUR-TA-10004154,Tables,1.0,6.0,1,4
FUR-TA-10004256,Tables,4.0,4.333333333333333,1,3
FUR-TA-10004534,Tables,3.6666666666666665,4.5,3,2
FUR-TA-10004575,Tables,4.0,3.5,3,4
FUR-TA-10004607,Tables,4.0,2.3333333333333335,1,6
FUR-TA-10004619,Tables,7.0,5.5,1,4
FUR-TA-10004767,Tables,1.0,3.6666666666666665,1,3
FUR-TA-10004915,Tables,5.0,4.333333333333333,2,3
OFF-AP-10000026,Appliances,4.0,5.0,3,3
OFF-AP-10000027,Appliances,4.0,2.0,3,1
OFF-AP-10000055,Appliances,3.0,5.5,2,2
OFF-AP-10000124,Appliances,4.0,3.0,1,1
OFF-AP-10000159,Appliances,5.0,5.0,1,2
OFF-AP-10000179,Appliances,3.0,4.5,1,2
OFF-AP-10000240,Appliances,3.5,2.0,4,1
OFF-AP-10000252,Appliances,3.5,2.5,2,2
OFF-AP-10000358,Appliances,4.666666666666667,4.333333333333333,6,3
OFF-AP-10000576,Appliances,4.2,4.0,5,2
OFF-AP-10000692,Appliances,3.0,3.3333333333333335,3,3
OFF-AP-10000696,Appliances,3.8,3.6666666666666665,5,3
OFF-AP-10000804,Appliances,6.0,4.0,1,3
OFF-AP-10000828,Appliances,3.2,4.0,5,2
OFF-AP-10000891,Appliances,5.666666666666667,2.0,3,2
OFF-AP-10000938,Appliances,7.0,5.0,2,2
OFF-AP-10001005,Appliances,4.5,2.5,4,2
OFF-AP-10001058,Appliances,6.0,2.5,2,2
OFF-AP-10001205,Appliances,4.5,3.25,6,4
OFF-AP-10001242,Appliances,2.6,2.3333333333333335,5,3
OFF-AP-10001271,Appliances,3.4,2.0,5,1
OFF-AP-10001293,Appliances,4.6,3.5,5,2
OFF-AP-10001303,Appliances,2.3333333333333335,2.0,3,1
OFF-AP-10001394,Appliances,1.5,3.3333333333333335,2,3
OFF-AP-10001469,Appliances,3.6666666666666665,4.5,3,2
OFF-AP-10001492,Appliances,4.375,6.0,8,1
OFF-AP-10001563,Appliances,3.6666666666666665,3.75,3,4
OFF-AP-10001564,Appliances,2.0,2.0,2,1
OFF-AP-10001626,Appliances,2.4,2.5,5,2
OFF-AP-10001947,Appliances,4.0,6.333333333333333,3,3
OFF-AP-10001962,Appliances,5.0,3.0,5,1
OFF-AP-10002082,Appliances,2.5,2.25,2,4
OFF-AP-10002118,Appliances,2.25,2.5,4,2
OFF-AP-10002191,Appliances,2.5,3.3333333333333335,2,3
OFF-AP-10002222,Appliances,3.3333333333333335,3.0,3,1
OFF-AP-10002287,Appliances,4.0,4.666666666666667,2,3
OFF-AP-10002311,Appliances,2.75,2.5,4,6
OFF-AP-10002350,Appliances,4.2,2.6666666666666665,5,3
OFF-AP-10002403,Appliances,4.0,3.3333333333333335,1,3
OFF-AP-10002439,Appliances,9.0,3.5,1,2
OFF-AP-10002457,Appliances,3.5,3.25,2,4
OFF-AP-10002495,Appliances,3.0,2.5,1,2
OFF-AP-10002518,Appliances,4.0,4.5,3,2
OFF-AP-10002534,Appliances,5.0,3.25,1,4
OFF-AP-10002578,Appliances,3.4,2.0,5,2
OFF-AP-10002651,Appliances,4.5,6.5,4,2
OFF-AP-10002684,Appliances,6.333333333333333,3.0,3,4
OFF-AP-10002765,Appliances,2.6,2.0,5,1
OFF-AP-10002867,Appliances,2.0,5.5,2,2
OFF-AP-10002892,Appliances,2.6,4.5,5,2
OFF-AP-10002906,Appliances,1.0,1.6666666666666667,1,3
OFF-AP-10002945,Appliances,4.666666666666667,6.0,6,2
OFF-AP-10002998,Appliances,4.5,4.0,2,2
OFF-AP-10003040,Appliances,4.666666666666667,5.5,3,2
OFF-AP-10003217,Appliances,4.0,4.0,1,2
OFF-AP-10003266,Appliances,3.0,3.0,1,3
OFF-AP-10003278,Appliances,2.0,2.0,2,3
OFF-AP-10003281,Appliances,2.6666666666666665,3.5,3,2
OFF-AP-10003287,Appliances,5.0,3.0,2,4
OFF-AP-10003590,Appliances,3.0,3.0,2,1
OFF-AP-10003622,Appliances,9.5,3.3333333333333335,2,3
OFF-AP-10003779,Appliances,1.5,2.5,2,2
OFF-AP-10003842,Appliances,3.25,5.5,4,2
OFF-AP-10003849,Appliances,3.6666666666666665,1.6666666666666667,3,3
OFF-AP-10003860,Appliances,4.0,3.0,1,2
OFF-AP-10003971,Appliances,2.25,4.0,4,5
OFF-AP-10004036,Appliances,2.5,5.5,2,2
OFF-AP-10004052,Appliances,3.6666666666666665,3.5,3,2
OFF-AP-10004136,Appliances,3.0,3.0,1,1
OFF-AP-10004249,Appliances,4.333333333333333,4.5,3,2
OFF-AP-10004336,Appliances,3.0,3.0,3,1
OFF-AP-10004487,Appliances,4.5,6.0,4,3
OFF-AP-10004655,Appliances,4.0,1.0,1,1
OFF-AP-10004708,Appliances,2.0,4.0,3,6
OFF-AP-10004859,Appliances,4.5,4.25,4,4
OFF-AP-10004868,Appliances,2.5,6.5,2,2
OFF-AP-10004980,Appliances,2.5,4.5,2,2
OFF-AR-10000034,Art,6.0,2.5,4,2
OFF-AR-10000122,Art,2.5,4.666666666666667,4,3
OFF-AR-10000127,Art,6.0,5.0,2,2
OFF-AR-10000203,Art,4.0,5.0,2,2
OFF-AR-10000246,Art,4.75,4.0,4,1
OFF-AR-10000315,Art,3.0,2.0,2,1
OFF-AR-10000369,Art,2.5,6.0,2,1
OFF-AR-10000380,Art,5.285714285714286,2.3333333333333335,7,3
OFF-AR-10000390,Art,3.4,2.0,5,2
OFF-AR-10000411,Art,3.0,3.0,1,1
OFF-AR-10000422,Art,3.0,4.333333333333333,1,3
OFF-AR-10000475,Art,4.0,1.3333333333333333,1,3
OFF-AR-10000538,Art,6.0,3.0,2,1
OFF-AR-10000588,Art,2.6666666666666665,3.3333333333333335,6,3
OFF-AR-10000634,Art,3.0,3.3333333333333335,1,6
OFF-AR-10000657,Art,5.666666666666667,2.5,3,2
OFF-AR-10000658,Art,3.6666666666666665,1.0,6,1
OFF-AR-10000716,Art,1.6666666666666667,3.75,3,4
OFF-AR-10000799,Art,3.0,4.0,1,1
OFF-AR-10000817,Art,4.166666666666667,5.0,6,1
OFF-AR-10000823,Art,2.5,7.0,2,1
OFF-AR-10000896,Art,5.0,3.0,1,1
OFF-AR-10000914,Art,2.0,3.0,2,2
OFF-AR-10000937,Art,7.0,6.0,1,1
OFF-AR-10000940,Art,3.0,4.5,5,2
OFF-AR-10001044,Art,2.2,4.0,5,4
OFF-AR-10001118,Art,4.0,1.0,1,1
OFF-AR-10001130,Art,3.0,5.0,1,1
OFF-AR-10001149,Art,4.5,3.0,6,1
OFF-AR-10001177,Art,4.5,5.0,2,1
OFF-AR-10001216,Art,4.0,2.0,2,1
OFF-AR-10001221,Art,7.0,7.0,1,1
OFF-AR-10001246,Art,2.6666666666666665,6.0,3,4
OFF-AR-10001315,Art,3.3333333333333335,3.75,3,4
OFF-AR-10001374,Art,3.6666666666666665,3.3333333333333335,3,3
OFF-AR-10001419,Art,6.333333333333333,5.0,3,3
OFF-AR-10001427,Art,2.0,5.0,3,1
OFF-AR-10001446,Art,2.5,5.0,2,3
OFF-AR-10001473,Art,3.0,3.5,1,2
OFF-AR-10001545,Art,3.0,5.5,4,2
OFF-AR-10001547,Art,3.8,3.6666666666666665,5,3
OFF-AR-10001615,Art,3.2,4.5,5,2
OFF-AR-10001662,Art,3.6,6.0,5,2
OFF-AR-10001683,Art,5.5,2.0,2,4
OFF-AR-10001725,Art,2.2,2.0,5,1
OFF-AR-10001761,Art,3.3333333333333335,4.666666666666667,3,3
OFF-AR-10001860,Art,4.25,5.0,4,2
OFF-AR-10001868,Art,4.0,1.3333333333333333,5,3
OFF-AR-10001897,Art,5.333333333333333,4.0,3,2
OFF-AR-10001915,Art,5.25,3.3333333333333335,4,3
OFF-AR-10001919,Art,2.8,1.5,5,2
OFF-AR-10001940,Art,3.3333333333333335,5.0,3,1
OFF-AR-10001953,Art,4.666666666666667,3.25,3,4
OFF-AR-10001954,Art,4.5,4.0,2,2
OFF-AR-10001955,Art,4.25,2.75,4,4
OFF-AR-10001958,Art,2.5,2.8,2,5
OFF-AR-10001972,Art,3.5,7.0,2,1
OFF-AR-10002053,Art,5.25,2.6666666666666665,4,3
OFF-AR-10002067,Art,5.2,1.0,5,1
OFF-AR-10002135,Art,5.25,4.0,4,1
OFF-AR-10002221,Art,3.0,2.5,1,2
OFF-AR-10002240,Art,4.0,4.0,3,1
OFF-AR-10002255,Art,2.5,1.0,4,1
OFF-AR-10002257,Art,4.0,2.8,1,5
OFF-AR-10002280,Art,6.0,3.0,1,1
OFF-AR-10002335,Art,3.6666666666666665,2.6666666666666665,3,3
OFF-AR-10002375,Art,3.6666666666666665,4.0,6,1
OFF-AR-10002399,Art,4.4,2.5,5,2
OFF-AR-10002445,Art,4.666666666666667,2.0,6,1
OFF-AR-10002467,Art,5.5,2.0,2,1
OFF-AR-10002656,Art,5.333333333333333,4.0,3,2
OFF-AR-10002766,Art,4.333333333333333,9.0,3,1
OFF-AR-10002804,Art,2.0,1.0,3,2
OFF-AR-10002833,Art,3.0,3.0,4,2
OFF-AR-10002952,Art,4.666666666666667,10.0,3,1
OFF-AR-10002956,Art,3.0,4.666666666666667,3,3
OFF-AR-10002987,Art,3.5,3.3333333333333335,4,3
OFF-AR-10003045,Art,5.2,3.0,5,2
OFF-AR-10003056,Art,3.5,2.0,6,1
OFF-AR-10003087,Art,5.0,5.0,2,1
OFF-AR-10003156,Art,3.0,2.0,4,1
OFF-AR-10003158,Art,5.0,5.333333333333333,2,3
OFF-AR-10003179,Art,4.666666666666667,3.5,3,4
OFF-AR-10003183,Art,2.0,3.142857142857143,1,7
OFF-AR-10003190,Art,2.8,3.0,5,1
OFF-AR-10003217,Art,4.0,7.0,1,1
OFF-AR-10003251,Art,2.75,2.0,4,3
OFF-AR-10003338,Art,2.8,3.0,5,2
OFF-AR-10003373,Art,4.333333333333333,4.75,3,4
OFF-AR-10003394,Art,4.5,6.0,4,1
OFF-AR-10003405,Art,6.0,4.333333333333333,1,3
OFF-AR-10003469,Art,2.8,4.333333333333333,5,3
OFF-AR-10003478,Art,3.6666666666666665,6.666666666666667,3,3
OFF-AR-10003481,Art,4.0,4.0,1,5
OFF-AR-10003504,Art,5.25,3.6666666666666665,4,3
OFF-AR-10003514,Art,6.5,2.5,6,2
OFF-AR-10003560,Art,3.0,3.4,1,5
OFF-AR-10003582,Art,2.6,2.3333333333333335,5,3
OFF-AR-10003602,Art,2.25,2.0,4,3
OFF-AR-10003631,Art,4.0,11.0,2,2
OFF-AR-10003651,Art,3.75,2.5,4,2
OFF-AR-10003696,Art,1.0,2.0,2,1
OFF-AR-10003727,Art,3.5,5.0,2,2
OFF-AR-10003732,Art,3.0,3.0,8,3
OFF-AR-10003752,Art,3.6666666666666665,3.0,3,2
OFF-AR-10003759,Art,6.0,3.6666666666666665,4,3
OFF-AR-10003829,Art,3.6666666666666665,2.6666666666666665,6,3
OFF-AR-10003856,Art,2.5,4.0,4,2
OFF-AR-10003876,Art,4.0,5.0,1,1
OFF-AR-10003903,Art,4.333333333333333,1.0,3,1
OFF-AR-10004010,Art,5.333333333333333,2.0,3,2
OFF-AR-10004022,Art,3.3333333333333335,4.0,3,3
OFF-AR-10004027,Art,3.0,2.5,1,2
OFF-AR-10004042,Art,4.5,6.0,4,2
OFF-AR-10004078,Art,2.5,4.888888888888889,2,9
OFF-AR-10004165,Art,4.5,3.0,2,1
OFF-AR-10004269,Art,4.75,5.0,4,1
OFF-AR-10004344,Art,4.666666666666667,5.666666666666667,3,3
OFF-AR-10004441,Art,3.0,3.6666666666666665,4,3
OFF-AR-10004582,Art,2.0,5.5,3,2
OFF-AR-10004602,Art,3.2,4.5,5,2
OFF-AR-10004685,Art,3.2,2.0,5,2
OFF-AR-10004752,Art,5.333333333333333,3.0,3,1
OFF-AR-10004757,Art,4.8,2.6666666666666665,5,6
OFF-AR-10004817,Art,3.0,5.0,2,1
OFF-AR-10004930,Art,2.0,2.0,2,1
OFF-AR-10004956,Art,3.0,3.5,1,2
OFF-AR-10004999,Art,4.4,3.0,5,1
OFF-BI-10000014,Binders,8.0,3.0,1,7
OFF-BI-10000050,Binders,4.0,4.25,2,8
OFF-BI-10000069,Binders,7.5,3.8333333333333335,2,6
OFF-BI-10000088,Binders,3.5,4.833333333333333,2,6
OFF-BI-10000136,Binders,4.5,3.0,2,1
OFF-BI-10000138,Binders,3.0,4.0,1,7
OFF-BI-10000145,Binders,2.75,3.6666666666666665,4,9
OFF-BI-10000174,Binders,5.0,5.25,1,8
OFF-BI-10000201,Binders,5.0,4.0,1,5
OFF-BI-10000285,Binders,4.0,4.5,1,4
OFF-BI-10000301,Binders,4.333333333333333,3.7,3,10
OFF-BI-10000309,Binders,2.3333333333333335,4.666666666666667,3,6
OFF-BI-10000315,Binders,6.0,4.6,2,5
OFF-BI-10000320,Binders,3.0,3.0,3,7
OFF-BI-10000343,Binders,2.0,4.0,2,10
OFF-BI-10000404,Binders,3.0,2.5,2,4
OFF-BI-10000474,Binders,3.0,5.2,2,5
OFF-BI-10000545,Binders,13.0,4.375,1,8
OFF-BI-10000546,Binders,3.3333333333333335,5.0,6,6
OFF-BI-10000591,Binders,2.0,2.0,2,2
OFF-BI-10000605,Binders,4.0,2.857142857142857,2,7
OFF-BI-10000632,Binders,6.0,2.888888888888889,2,9
OFF-BI-10000666,Binders,3.6666666666666665,3.6,3,5
OFF-BI-10000756,Binders,6.0,4.2,3,5
OFF-BI-10000773,Binders,1.0,3.4285714285714284,1,7
OFF-BI-10000822,Binders,2.0,3.75,1,4
OFF-BI-10000829,Binders,6.0,4.25,3,4
OFF-BI-10000831,Binders,2.0,3.5,1,2
OFF-BI-10000948,Binders,3.0,2.8,1,5
OFF-BI-10000962,Binders,2.75,4.166666666666667,4,6
OFF-BI-10000977,Binders,5.0,2.75,5,8
OFF-BI-10001036,Binders,2.3333333333333335,6.6,3,5
OFF-BI-10001071,Binders,5.25,3.3333333333333335,4,3
OFF-BI-10001072,Binders,3.5,4.0,2,2
OFF-BI-10001078,Binders,5.0,5.5,3,4
OFF-BI-10001097,Binders,3.0,3.625,1,8
OFF-BI-10001107,Binders,8.0,3.8333333333333335,1,6
OFF-BI-10001116,Binders,5.0,4.555555555555555,1,9
OFF-BI-10001120,Binders,5.0,4.0,1,2
OFF-BI-10001132,Binders,8.0,5.0,1,3
OFF-BI-10001153,Binders,1.0,2.3333333333333335,1,3
OFF-BI-10001191,Binders,6.0,4.4,1,5
OFF-BI-10001196,Binders,4.0,4.333333333333333,1,3
OFF-BI-10001249,Binders,4.75,3.6666666666666665,4,6
OFF-BI-10001267,Binders,7.0,3.25,1,4
OFF-BI-10001294,Binders,4.0,6.75,1,4
OFF-BI-10001308,Binders,4.0,3.6666666666666665,2,6
OFF-BI-10001359,Binders,2.0,4.5,5,6
OFF-BI-10001460,Binders,7.0,4.0,1,4
OFF-BI-10001510,Binders,5.0,4.666666666666667,1,6
OFF-BI-10001525,Binders,4.0,4.714285714285714,1,7
OFF-BI-10001543,Binders,6.0,3.0,2,6
OFF-BI-10001597,Binders,4.0,3.875,4,8
OFF-BI-10001628,Binders,2.0,4.111111111111111,1,9
OFF-BI-10001634,Binders,5.0,2.75,2,4
OFF-BI-10001636,Binders,4.0,4.625,1,8
OFF-BI-10001658,Binders,3.0,2.8181818181818183,1,11
OFF-BI-10001670,Binders,3.0,3.7,1,10
OFF-BI-10001679,Binders,2.0,4.25,1,4
OFF-BI-10001718,Binders,5.666666666666667,4.714285714285714,3,7
OFF-BI-10001721,Binders,3.0,6.0,1,3
OFF-BI-10001757,Binders,2.0,5.111111111111111,1,9
OFF-BI-10001758,Binders,5.666666666666667,6.0,3,1
OFF-BI-10001765,Binders,4.333333333333333,3.0,3,3
OFF-BI-10001787,Binders,4.0,4.333333333333333,1,3
OFF-BI-10001890,Binders,2.25,6.25,4,4
OFF-BI-10001989,Binders,4.8,3.8,5,5
OFF-BI-10002003,Binders,3.3333333333333335,4.25,3,4
OFF-BI-10002012,Binders,2.6666666666666665,4.555555555555555,3,9
OFF-BI-10002026,Binders,4.5,4.583333333333333,2,12
OFF-BI-10002049,Binders,3.0,2.5,1,4
OFF-BI-10002071,Binders,3.0,3.875,1,8
OFF-BI-10002072,Binders,3.6666666666666665,3.0,3,2
OFF-BI-10002082,Binders,8.0,3.875,2,8
OFF-BI-10002133,Binders,3.0,5.571428571428571,1,7
OFF-BI-10002160,Binders,1.0,2.6666666666666665,1,6
OFF-BI-10002215,Binders,3.0,3.5,3,4
OFF-BI-10002225,Binders,2.0,3.3333333333333335,1,6
OFF-BI-10002309,Binders,3.5,5.25,2,4
OFF-BI-10002353,Binders,4.5,3.6666666666666665,2,9
OFF-BI-10002393,Binders,3.0,2.6,1,5
OFF-BI-10002412,Binders,4.666666666666667,4.0,3,2
OFF-BI-10002414,Binders,1.5,3.0,2,3
OFF-BI-10002429,Binders,7.0,4.875,1,8
OFF-BI-10002432,Binders,4.333333333333333,2.6,3,5
OFF-BI-10002557,Binders,6.5,2.8333333333333335,2,6
OFF-BI-10002571,Binders,2.0,3.4,1,5
OFF-BI-10002706,Binders,1.0,3.3333333333333335,1,6
OFF-BI-10002735,Binders,3.25,4.333333333333333,4,6
OFF-BI-10002764,Binders,2.0,4.571428571428571,1,7
OFF-BI-10002799,Binders,8.0,4.8,2,5
OFF-BI-10002813,Binders,4.0,5.285714285714286,1,7
OFF-BI-10002824,Binders,2.0,4.428571428571429,2,7
OFF-BI-10002827,Binders,7.0,5.2,1,5
OFF-BI-10002852,Binders,4.25,2.8333333333333335,4,6
OFF-BI-10002854,Binders,5.0,4.333333333333333,2,6
OFF-BI-10002867,Binders,5.0,4.0,2,4
OFF-BI-10002897,Binders,3.0,4.333333333333333,1,3
OFF-BI-10002949,Binders,3.0,2.5714285714285716,1,7
OFF-BI-10002954,Binders,3.0,3.4,1,5
OFF-BI-10002976,Binders,5.0,5.5,2,2
OFF-BI-10003007,Binders,2.0,5.0,2,5
OFF-BI-10003091,Binders,3.5,4.0,2,4
OFF-BI-10003094,Binders,2.0,3.0,1,3
OFF-BI-10003274,Binders,4.0,4.0,3,6
OFF-BI-10003291,Binders,2.0,4.2,2,10
OFF-BI-10003305,Binders,7.0,3.8,1,5
OFF-BI-10003314,Binders,2.5,2.5714285714285716,2,7
OFF-BI-10003350,Binders,2.0,3.5,2,2
OFF-BI-10003355,Binders,3.0,3.142857142857143,1,7
OFF-BI-10003364,Binders,3.0,3.8333333333333335,3,6
OFF-BI-10003460,Binders,5.25,3.0,4,5
OFF-BI-10003476,Binders,6.0,4.75,2,4
OFF-BI-10003527,Binders,2.75,3.3333333333333335,4,6
OFF-BI-10003529,Binders,3.5,2.5,2,4
OFF-BI-10003638,Binders,3.0,4.666666666666667,2,6
OFF-BI-10003650,Binders,3.0,2.8333333333333335,2,6
OFF-BI-10003655,Binders,5.0,6.0,1,1
OFF-BI-10003656,Binders,3.0,4.571428571428571,2,7
OFF-BI-10003669,Binders,3.0,3.8333333333333335,1,6
OFF-BI-10003676,Binders,4.0,4.3,2,10
OFF-BI-10003684,Binders,2.0,5.25,1,8
OFF-BI-10003694,Binders,1.5,6.0,2,4
OFF-BI-10003707,Binders,4.0,3.625,3,8
OFF-BI-10003712,Binders,7.0,3.8,1,10
OFF-BI-10003719,Binders,5.0,4.25,1,4
OFF-BI-10003876,Binders,3.0,4.0,1,4
OFF-BI-10003910,Binders,2.3333333333333335,4.0,3,7
OFF-BI-10003925,Binders,4.0,4.75,2,4
OFF-BI-10003963,Binders,5.0,5.5,1,2
OFF-BI-10003981,Binders,6.0,4.666666666666667,1,6
OFF-BI-10003982,Binders,2.5,5.375,2,8
OFF-BI-10004001,Binders,5.5,5.166666666666667,2,6
OFF-BI-10004002,Binders,1.5,3.0,2,5
OFF-BI-10004040,Binders,4.0,5.0,3,6
OFF-BI-10004094,Binders,3.0,2.5,1,4
OFF-BI-10004099,Binders,2.0,6.0,1,3
OFF-BI-10004139,Binders,8.0,6.0,1,1
OFF-BI-10004141,Binders,3.0,2.5,1,4
OFF-BI-10004182,Binders,5.0,4.666666666666667,1,3
OFF-BI-10004187,Binders,2.6666666666666665,6.0,3,3
OFF-BI-10004209,Binders,5.0,4.0,2,8
OFF-BI-10004224,Binders,6.0,4.285714285714286,1,7
OFF-BI-10004233,Binders,4.5,3.6666666666666665,2,6
OFF-BI-10004236,Binders,4.0,3.857142857142857,3,7
OFF-BI-10004318,Binders,4.0,2.7142857142857144,1,7
OFF-BI-10004352,Binders,5.0,1.0,1,1
OFF-BI-10004364,Binders,3.5,3.0,4,8
OFF-BI-10004410,Binders,6.0,5.0,1,3
OFF-BI-10004492,Binders,5.0,2.75,3,4
OFF-BI-10004519,Binders,2.0,4.2,3,5
OFF-BI-10004584,Binders,1.0,5.25,1,4
OFF-BI-10004593,Binders,4.0,4.285714285714286,1,7
OFF-BI-10004600,Binders,2.25,4.75,4,4
OFF-BI-10004632,Binders,3.5,3.1,4,10
OFF-BI-10004654,Binders,3.3333333333333335,3.25,3,8
OFF-BI-10004656,Binders,5.0,4.166666666666667,1,6
OFF-BI-10004728,Binders,3.8333333333333335,5.142857142857143,6,7
OFF-BI-10004738,Binders,2.0,2.3333333333333335,3,3
OFF-BI-10004826,Binders,2.5,3.25,2,4
OFF-BI-10004828,Binders,3.5,2.75,2,4
OFF-BI-10004876,Binders,2.5,3.0,2,1
OFF-BI-10004965,Binders,3.0,2.5,5,2
OFF-BI-10004970,Binders,2.4,4.0,5,8
OFF-BI-10004995,Binders,4.0,4.6,1,5
OFF-EN-10000056,Envelopes,3.25,3.75,4,4
OFF-EN-10000461,Envelopes,2.6,4.666666666666667,5,3
OFF-EN-10000483,Envelopes,5.666666666666667,2.5,3,2
OFF-EN-10000781,Envelopes,3.0,7.0,1,1
OFF-EN-10000927,Envelopes,1.0,6.0,1,3
OFF-EN-10001028,Envelopes,6.0,3.0,1,1
OFF-EN-10001099,Envelopes,5.0,2.6666666666666665,2,3
OFF-EN-10001137,Envelopes,3.0,2.5,2,2
OFF-EN-10001141,Envelopes,5.0,2.6666666666666665,1,3
OFF-EN-10001219,Envelopes,2.4,3.0,5,3
OFF-EN-10001335,Envelopes,6.0,5.333333333333333,3,3
OFF-EN-10001415,Envelopes,2.5,2.0,2,3
OFF-EN-10001453,Envelopes,3.25,3.0,4,1
OFF-EN-10001509,Envelopes,3.857142857142857,2.0,7,4
OFF-EN-10001532,Envelopes,3.0,3.0,4,1
OFF-EN-10001539,Envelopes,3.6666666666666665,4.0,6,1
OFF-EN-10002230,Envelopes,2.5,3.5,2,4
OFF-EN-10002312,Envelopes,3.0,1.0,3,1
OFF-EN-10002500,Envelopes,4.5,3.0,6,1
OFF-EN-10002504,Envelopes,3.0,3.75,3,4
OFF-EN-10002592,Envelopes,4.0,4.5,2,2
OFF-EN-10002600,Envelopes,6.0,4.25,3,4
OFF-EN-10002621,Envelopes,2.0,1.6666666666666667,2,3
OFF-EN-10002986,Envelopes,4.0,9.0,1,1
OFF-EN-10003001,Envelopes,3.0,9.0,3,1
OFF-EN-10003040,Envelopes,2.0,3.0,1,3
OFF-EN-10003055,Envelopes,2.5,4.0,4,3
OFF-EN-10003072,Envelopes,4.5,4.5,2,2
OFF-EN-10003134,Envelopes,3.3333333333333335,3.5,3,4
OFF-EN-10003286,Envelopes,5.333333333333333,3.0,6,1
OFF-EN-10003448,Envelopes,2.0,7.0,1,1
OFF-EN-10003567,Envelopes,2.5,5.0,2,1
OFF-EN-10003845,Envelopes,2.5,3.6666666666666665,2,3
OFF-EN-10003862,Envelopes,3.25,7.0,4,1
OFF-EN-10004030,Envelopes,3.0,3.0,3,3
OFF-EN-10004147,Envelopes,3.0,3.0,2,1
OFF-EN-10004386,Envelopes,2.0,3.0,3,2
OFF-EN-10004459,Envelopes,2.5,2.6666666666666665,6,3
OFF-EN-10004483,Envelopes,5.6,2.0,5,2
OFF-EN-10004773,Envelopes,5.0,2.5,2,2
OFF-EN-10004846,Envelopes,2.5,5.5,2,2
OFF-EN-10004955,Envelopes,6.0,3.0,2,1
OFF-FA-10000053,Fasteners,3.6666666666666665,6.0,3,3
OFF-FA-10000254,Fasteners,1.0,4.0,1,1
OFF-FA-10000304,Fasteners,3.6,4.5,5,2
OFF-FA-10000490,Fasteners,2.75,2.0,4,1
OFF-FA-10000585,Fasteners,4.0,3.6,3,5
OFF-FA-10000611,Fasteners,4.666666666666667,3.25,3,4
OFF-FA-10000621,Fasteners,4.75,8.333333333333334,4,3
OFF-FA-10000624,Fasteners,4.5,11.0,6,1
OFF-FA-10000735,Fasteners,4.25,2.0,4,1
OFF-FA-10000840,Fasteners,5.0,4.0,1,2
OFF-FA-10000936,Fasteners,5.0,3.25,2,4
OFF-FA-10000992,Fasteners,4.25,2.0,4,1
OFF-FA-10001135,Fasteners,2.5,2.0,2,1
OFF-FA-10001229,Fasteners,2.0,3.5,1,2
OFF-FA-10001332,Fasteners,3.6666666666666665,2.0,3,2
OFF-FA-10001561,Fasteners,4.8,3.3333333333333335,5,3
OFF-FA-10001754,Fasteners,2.0,3.0,1,1
OFF-FA-10001843,Fasteners,4.666666666666667,8.0,3,1
OFF-FA-10001883,Fasteners,6.333333333333333,8.0,3,1
OFF-FA-10002280,Fasteners,5.285714285714286,3.3333333333333335,7,3
OFF-FA-10002676,Fasteners,3.0,3.0,3,2
OFF-FA-10002763,Fasteners,2.75,7.0,4,2
OFF-FA-10002780,Fasteners,4.0,9.666666666666666,2,3
OFF-FA-10002815,Fasteners,5.0,4.0,1,2
OFF-FA-10002975,Fasteners,3.0,9.0,2,2
OFF-FA-10002983,Fasteners,4.0,7.0,2,1
OFF-FA-10002988,Fasteners,3.5,4.75,4,4
OFF-FA-10003021,Fasteners,2.0,4.5,2,4
OFF-FA-10003059,Fasteners,2.75,2.5,4,4
OFF-FA-10003112,Fasteners,2.5,3.4,2,5
OFF-FA-10003472,Fasteners,4.5,3.0,4,1
OFF-FA-10003485,Fasteners,3.0,9.0,1,1
OFF-FA-10003495,Fasteners,3.6,8.5,5,2
OFF-FA-10004076,Fasteners,2.0,6.5,1,2
OFF-FA-10004248,Fasteners,3.5,3.0,2,3
OFF-FA-10004395,Fasteners,3.3333333333333335,4.0,3,2
OFF-FA-10004838,Fasteners,5.0,5.0,2,2
OFF-FA-10004854,Fasteners,3.25,4.0,4,4
OFF-FA-10004968,Fasteners,4.666666666666667,2.0,3,1
OFF-LA-10000081,Labels,5.5,1.5,2,2
OFF-LA-10000121,Labels,6.0,3.0,2,1
OFF-LA-10000134,Labels,4.0,2.6666666666666665,3,3
OFF-LA-10000240,Labels,3.25,3.3333333333333335,4,3
OFF-LA-10000248,Labels,3.4,2.0,5,1
OFF-LA-10000262,Labels,5.333333333333333,2.3333333333333335,3,3
OFF-LA-10000305,Labels,4.333333333333333,3.0,3,1
OFF-LA-10000407,Labels,5.333333333333333,4.0,3,1
OFF-LA-10000443,Labels,2.0,2.857142857142857,1,7
OFF-LA-10000452,Labels,3.25,2.0,4,2
OFF-LA-10000634,Labels,3.3333333333333335,3.0,3,1
OFF-LA-10001045,Labels,2.6,5.0,5,1
OFF-LA-10001074,Labels,6.0,6.75,2,4
OFF-LA-10001158,Labels,4.4,3.0,5,2
OFF-LA-10001175,Labels,5.0,2.0,3,1
OFF-LA-10001317,Labels,3.5,1.0,4,1
OFF-LA-10001404,Labels,2.6666666666666665,5.0,3,1
OFF-LA-10001474,Labels,4.666666666666667,6.0,3,1
OFF-LA-10001569,Labels,3.4,3.8333333333333335,5,6
OFF-LA-10001613,Labels,3.5,3.2857142857142856,6,7
OFF-LA-10001641,Labels,4.833333333333333,3.0,6,2
OFF-LA-10001771,Labels,2.0,8.0,3,2
OFF-LA-10001982,Labels,5.0,2.5,3,2
OFF-LA-10002043,Labels,3.25,3.0,4,1
OFF-LA-10002195,Labels,7.0,2.0,4,1
OFF-LA-10002271,Labels,3.5,2.0,4,1
OFF-LA-10002312,Labels,2.6666666666666665,2.5,3,2
OFF-LA-10002368,Labels,2.0,3.0,2,1
OFF-LA-10002381,Labels,7.0,1.0,1,1
OFF-LA-10002475,Labels,2.75,3.5,4,2
OFF-LA-10002787,Labels,4.6,1.0,5,1
OFF-LA-10002945,Labels,3.0,5.75,2,4
OFF-LA-10003121,Labels,6.0,5.0,2,1
OFF-LA-10003148,Labels,3.0,4.0,4,1
OFF-LA-10003190,Labels,4.0,2.8,4,5
OFF-LA-10003223,Labels,3.25,3.0,4,2
OFF-LA-10003510,Labels,5.0,2.6,6,5
OFF-LA-10003663,Labels,4.5,4.0,2,1
OFF-LA-10003714,Labels,1.0,3.0,1,2
OFF-LA-10003720,Labels,3.0,5.0,5,2
OFF-LA-10003923,Labels,4.5,3.3333333333333335,6,3
OFF-LA-10003930,Labels,4.166666666666667,5.5,6,2
OFF-LA-10004008,Labels,2.0,8.0,1,1
OFF-LA-10004093,Labels,2.7142857142857144,2.5,7,2
OFF-LA-10004178,Labels,7.0,2.5,1,2
OFF-LA-10004345,Labels,2.5,4.0,2,2
OFF-LA-10004409,Labels,4.333333333333333,3.5,3,2
OFF-LA-10004425,Labels,3.0,6.0,3,2
OFF-LA-10004484,Labels,3.0,4.75,6,4
OFF-LA-10004544,Labels,4.666666666666667,3.5,3,4
OFF-LA-10004545,Labels,3.5,6.0,4,1
OFF-LA-10004559,Labels,4.0,4.0,5,1
OFF-LA-10004689,Labels,6.0,7.0,3,2
OFF-LA-10004853,Labels,2.6666666666666665,3.6666666666666665,3,3
OFF-PA-10000007,Paper,5.5,4.0,2,1
OFF-PA-10000019,Paper,3.6,6.0,5,3
OFF-PA-10000029,Paper,2.0,3.6666666666666665,3,3
OFF-PA-10000061,Paper,6.666666666666667,4.0,3,1
OFF-PA-10000062,Paper,2.5,7.0,4,1
OFF-PA-10000069,Paper,2.0,5.5,1,2
OFF-PA-10000100,Paper,4.5,9.0,6,2
OFF-PA-10000130,Paper,3.0,4.333333333333333,1,3
OFF-PA-10000141,Paper,3.5,3.5,2,2
OFF-PA-10000143,Paper,5.25,4.0,4,2
OFF-PA-10000157,Paper,4.0,3.0,9,1
OFF-PA-10000167,Paper,2.3333333333333335,3.6666666666666665,3,3
OFF-PA-10000174,Paper,2.0,3.2,1,5
OFF-PA-10000176,Paper,3.75,3.75,4,4
OFF-PA-10000213,Paper,6.0,4.0,2,1
OFF-PA-10000223,Paper,3.0,2.5,3,2
OFF-PA-10000232,Paper,2.0,3.0,3,2
OFF-PA-10000241,Paper,3.3333333333333335,2.0,3,3
OFF-PA-10000246,Paper,2.6666666666666665,3.5,3,2
OFF-PA-10000249,Paper,3.0,2.5,4,2
OFF-PA-10000289,Paper,3.5,2.0,4,2
OFF-PA-10000295,Paper,6.0,4.5,1,2
OFF-PA-10000300,Paper,3.0,3.0,1,2
OFF-PA-10000304,Paper,2.0,5.333333333333333,3,3
OFF-PA-10000327,Paper,7.0,2.3333333333333335,3,3
OFF-PA-10000349,Paper,2.7142857142857144,3.0,7,2
OFF-PA-10000357,Paper,4.285714285714286,3.6,7,5
OFF-PA-10000380,Paper,4.2,5.333333333333333,5,3
OFF-PA-10000418,Paper,2.25,5.0,4,2
OFF-PA-10000466,Paper,4.5,3.0,2,1
OFF-PA-10000474,Paper,2.857142857142857,2.8,7,5
OFF-PA-10000477,Paper,4.8,4.5,5,2
OFF-PA-10000482,Paper,4.4,6.0,5,1
OFF-PA-10000483,Paper,3.5,4.0,2,2
OFF-PA-10000501,Paper,3.0,3.5,1,2
OFF-PA-10000520,Paper,3.0,5.0,3,2
OFF-PA-10000528,Paper,3.6666666666666665,3.0,3,1
OFF-PA-10000533,Paper,2.0,2.75,2,4
OFF-PA-10000551,Paper,4.5,2.0,2,1
OFF-PA-10000552,Paper,2.5,3.3333333333333335,2,3
OFF-PA-10000556,Paper,6.0,3.0,1,1
OFF-PA-10000575,Paper,4.5,7.0,6,1
OFF-PA-10000587,Paper,4.333333333333333,2.0,3,1
OFF-PA-10000595,Paper,4.333333333333333,3.0,3,1
OFF-PA-10000605,Paper,3.5,2.0,2,1
OFF-PA-10000659,Paper,7.0,3.6666666666666665,4,3
OFF-PA-10000673,Paper,7.0,2.0,1,1
OFF-PA-10000675,Paper,4.428571428571429,4.5,7,2
OFF-PA-10000682,Paper,4.0,2.6666666666666665,1,3
OFF-PA-10000697,Paper,4.0,4.0,1,2
OFF-PA-10000726,Paper,4.0,7.0,3,1
OFF-PA-10000740,Paper,2.0,8.0,2,1
OFF-PA-10000743,Paper,3.6,2.0,5,1
OFF-PA-10000788,Paper,2.0,3.2,1,5
OFF-PA-10000791,Paper,4.25,4.5,4,2
OFF-PA-10000806,Paper,4.5,2.0,4,1
OFF-PA-10000807,Paper,7.0,3.0,2,1
OFF-PA-10000809,Paper,3.0,2.0,1,4
OFF-PA-10000859,Paper,3.0,2.0,1,1
OFF-PA-10000955,Paper,1.0,3.0,1,2
OFF-PA-10000994,Paper,3.0,3.5,7,2
OFF-PA-10001019,Paper,2.0,6.0,4,4
OFF-PA-10001033,Paper,3.1666666666666665,4.0,6,5
OFF-PA-10001125,Paper,3.5,5.4,4,5
OFF-PA-10001144,Paper,2.5,7.0,4,1
OFF-PA-10001166,Paper,3.0,2.75,2,8
OFF-PA-10001184,Paper,4.0,4.0,5,1
OFF-PA-10001204,Paper,2.0,2.0,2,3
OFF-PA-10001215,Paper,5.0,6.0,1,2
OFF-PA-10001289,Paper,4.25,5.0,4,4
OFF-PA-10001293,Paper,4.5,4.0,2,1
OFF-PA-10001295,Paper,2.75,4.333333333333333,4,3
OFF-PA-10001307,Paper,2.5,5.0,2,2
OFF-PA-10001357,Paper,3.0,2.0,4,1
OFF-PA-10001457,Paper,6.0,8.0,1,1
OFF-PA-10001461,Paper,9.0,5.0,1,1
OFF-PA-10001497,Paper,3.6666666666666665,4.0,3,2
OFF-PA-10001526,Paper,1.5,4.166666666666667,2,6
OFF-PA-10001534,Paper,4.666666666666667,3.5,3,2
OFF-PA-10001560,Paper,7.0,2.0,1,4
OFF-PA-10001569,Paper,5.666666666666667,2.0,3,1
OFF-PA-10001583,Paper,6.0,1.0,1,1
OFF-PA-10001593,Paper,4.666666666666667,5.5,3,2
OFF-PA-10001609,Paper,3.0,6.5,4,2
OFF-PA-10001622,Paper,2.0,3.0,3,1
OFF-PA-10001639,Paper,3.75,4.5,4,2
OFF-PA-10001667,Paper,2.8,6.0,5,3
OFF-PA-10001685,Paper,5.5,6.0,2,3
OFF-PA-10001725,Paper,3.0,2.0,1,1
OFF-PA-10001736,Paper,4.0,2.0,4,1
OFF-PA-10001745,Paper,4.5,8.0,2,1
OFF-PA-10001752,Paper,2.5,2.0,2,1
OFF-PA-10001776,Paper,3.0,3.5,7,2
OFF-PA-10001790,Paper,2.5,3.0,2,3
OFF-PA-10001800,Paper,3.0,3.25,4,4
OFF-PA-10001804,Paper,5.0,2.4,3,5
OFF-PA-10001826,Paper,3.0,4.0,1,1
OFF-PA-10001838,Paper,2.125,3.5,8,2
OFF-PA-10001846,Paper,2.0,3.3333333333333335,2,3
OFF-PA-10001870,Paper,3.3333333333333335,4.0,6,2
OFF-PA-10001878,Paper,3.0,7.5,5,2
OFF-PA-10001892,Paper,2.0,4.333333333333333,2,3
OFF-PA-10001934,Paper,3.6,2.0,5,3
OFF-PA-10001947,Paper,2.6666666666666665,2.0,3,1
OFF-PA-10001950,Paper,8.0,3.3333333333333335,2,3
OFF-PA-10001952,Paper,2.0,2.0,1,1
OFF-PA-10001954,Paper,6.5,7.0,4,1
OFF-PA-10001970,Paper,3.625,4.0,16,3
OFF-PA-10001972,Paper,3.0,6.333333333333333,6,3
OFF-PA-10001977,Paper,2.0,2.5,2,2
OFF-PA-10001994,Paper,1.5,3.0,2,1
OFF-PA-10002005,Paper,3.3333333333333335,4.333333333333333,6,3
OFF-PA-10002036,Paper,5.5,4.333333333333333,2,3
OFF-PA-10002120,Paper,3.5,3.0,2,1
OFF-PA-10002137,Paper,5.8,3.0,5,2
OFF-PA-10002160,Paper,3.75,4.75,4,4
OFF-PA-10002195,Paper,2.8333333333333335,2.6666666666666665,6,6
OFF-PA-10002222,Paper,4.4,5.0,5,1
OFF-PA-10002230,Paper,4.0,4.0,1,3
OFF-PA-10002245,Paper,5.6,2.5,5,2
OFF-PA-10002246,Paper,2.5,4.25,2,4
OFF-PA-10002250,Paper,4.666666666666667,3.0,3,4
OFF-PA-10002254,Paper,3.8,9.0,5,2
OFF-PA-10002259,Paper,2.0,3.0,1,2
OFF-PA-10002319,Paper,3.3333333333333335,2.0,3,3
OFF-PA-10002365,Paper,3.0,3.0,3,2
OFF-PA-10002377,Paper,3.625,3.8333333333333335,8,6
OFF-PA-10002421,Paper,3.0,4.0,1,3
OFF-PA-10002464,Paper,5.333333333333333,3.0,3,1
OFF-PA-10002479,Paper,2.4,6.0,5,3
OFF-PA-10002581,Paper,2.0,5.6,1,5
OFF-PA-10002586,Paper,3.5,4.0,4,2
OFF-PA-10002606,Paper,7.0,6.0,2,2
OFF-PA-10002615,Paper,3.5,2.0,6,2
OFF-PA-10002659,Paper,4.25,4.0,4,1
OFF-PA-10002666,Paper,6.0,4.0,2,2
OFF-PA-10002689,Paper,5.0,5.0,4,1
OFF-PA-10002709,Paper,11.0,5.0,1,1
OFF-PA-10002749,Paper,6.0,3.0,1,2
OFF-PA-10002787,Paper,1.6666666666666667,3.4,3,5
OFF-PA-10002923,Paper,2.25,2.0,4,2
OFF-PA-10002947,Paper,2.3333333333333335,4.5,3,2
OFF-PA-10002968,Paper,5.0,3.0,1,1
OFF-PA-10002986,Paper,3.7142857142857144,5.0,7,4
OFF-PA-10003001,Paper,4.0,1.0,3,1
OFF-PA-10003016,Paper,5.0,4.0,4,1
OFF-PA-10003022,Paper,4.0,5.0,4,2
OFF-PA-10003039,Paper,4.666666666666667,6.0,3,3
OFF-PA-10003063,Paper,3.0,9.0,2,1
OFF-PA-10003072,Paper,4.5,2.5,2,4
OFF-PA-10003127,Paper,2.0,3.0,5,1
OFF-PA-10003134,Paper,4.0,2.6666666666666665,1,3
OFF-PA-10003172,Paper,3.4285714285714284,4.0,7,1
OFF-PA-10003177,Paper,2.0,3.0,4,3
OFF-PA-10003205,Paper,2.0,3.0,1,1
OFF-PA-10003256,Paper,1.0,5.0,1,2
OFF-PA-10003270,Paper,4.0,5.0,2,2
OFF-PA-10003302,Paper,5.4,2.5,5,2
OFF-PA-10003309,Paper,2.5,7.0,2,2
OFF-PA-10003349,Paper,2.0,3.6666666666666665,3,3
OFF-PA-10003395,Paper,7.0,3.0,1,4
OFF-PA-10003424,Paper,2.0,3.0,1,2
OFF-PA-10003441,Paper,5.111111111111111,3.5,9,2
OFF-PA-10003465,Paper,3.0,2.0,3,1
OFF-PA-10003591,Paper,3.0,9.0,2,1
OFF-PA-10003625,Paper,4.5,2.0,2,1
OFF-PA-10003641,Paper,4.8,4.0,5,4
OFF-PA-10003651,Paper,6.666666666666667,3.0,3,2
OFF-PA-10003656,Paper,6.0,3.0,3,1
OFF-PA-10003657,Paper,2.0,4.666666666666667,2,3
OFF-PA-10003673,Paper,4.833333333333333,3.0,6,3
OFF-PA-10003724,Paper,5.0,5.0,6,1
OFF-PA-10003790,Paper,5.5,2.0,4,2
OFF-PA-10003823,Paper,4.5,9.0,2,1
OFF-PA-10003848,Paper,3.0,6.0,6,2
OFF-PA-10003883,Paper,3.75,4.0,4,1
OFF-PA-10003892,Paper,4.0,4.0,3,1
OFF-PA-10003893,Paper,3.2,6.0,5,2
OFF-PA-10003936,Paper,3.5,3.0,2,2
OFF-PA-10003953,Paper,2.0,1.0,3,2
OFF-PA-10003971,Paper,2.3333333333333335,3.0,3,1
OFF-PA-10004000,Paper,1.0,4.0,1,3
OFF-PA-10004039,Paper,3.5,1.6666666666666667,2,3
OFF-PA-10004040,Paper,4.0,6.0,3,2
OFF-PA-10004041,Paper,4.5,4.0,2,4
OFF-PA-10004071,Paper,2.142857142857143,2.0,7,3
OFF-PA-10004100,Paper,5.333333333333333,5.2,3,5
OFF-PA-10004101,Paper,7.666666666666667,2.0,3,2
OFF-PA-10004156,Paper,2.3333333333333335,3.0,6,2
OFF-PA-10004239,Paper,3.5,2.5,2,2
OFF-PA-10004248,Paper,3.0,5.0,1,1
OFF-PA-10004285,Paper,4.0,2.5,4,2
OFF-PA-10004327,Paper,2.75,2.0,4,1
OFF-PA-10004353,Paper,6.666666666666667,4.0,3,2
OFF-PA-10004355,Paper,2.5,3.0,2,3
OFF-PA-10004359,Paper,3.5,5.0,4,1
OFF-PA-10004381,Paper,2.0,3.0,2,2
OFF-PA-10004405,Paper,5.0,6.0,1,1
OFF-PA-10004451,Paper,4.0,2.0,4,3
OFF-PA-10004470,Paper,2.0,4.0,2,1
OFF-PA-10004475,Paper,2.6666666666666665,4.0,3,1
OFF-PA-10004519,Paper,2.3333333333333335,8.0,3,1
OFF-PA-10004569,Paper,2.4,3.0,5,1
OFF-PA-10004609,Paper,3.0,4.0,2,2
OFF-PA-10004610,Paper,4.75,2.3333333333333335,4,3
OFF-PA-10004621,Paper,3.0,4.0,3,4
OFF-PA-10004665,Paper,3.5,4.333333333333333,2,3
OFF-PA-10004675,Paper,2.5,3.5,4,2
OFF-PA-10004735,Paper,5.25,2.0,4,1
OFF-PA-10004888,Paper,3.4,2.6666666666666665,5,3
OFF-PA-10004947,Paper,4.5,3.0,2,1
OFF-PA-10004971,Paper,2.0,2.5,4,4
OFF-PA-10004983,Paper,3.4,6.0,5,1
OFF-PA-10004996,Paper,4.0,3.5,3,2
OFF-ST-10000025,Storage,5.0,3.5,6,2
OFF-ST-10000036,Storage,3.5,3.0,4,2
OFF-ST-10000046,Storage,2.6666666666666665,3.6666666666666665,6,3
OFF-ST-10000060,Storage,5.8,4.666666666666667,5,3
OFF-ST-10000078,Storage,4.25,3.0,8,3
OFF-ST-10000107,Storage,4.666666666666667,4.0,3,1
OFF-ST-10000129,Storage,5.0,2.0,2,1
OFF-ST-10000136,Storage,3.0,7.0,1,1
OFF-ST-10000142,Storage,3.6666666666666665,1.5,3,2
OFF-ST-10000321,Storage,2.0,2.3333333333333335,3,3
OFF-ST-10000344,Storage,5.0,1.75,3,4
OFF-ST-10000352,Storage,1.5,2.5,2,2
OFF-ST-10000419,Storage,3.5,3.0,6,1
OFF-ST-10000464,Storage,2.25,2.0,4,1
OFF-ST-10000532,Storage,7.0,3.3333333333333335,3,3
OFF-ST-10000563,Storage,3.8333333333333335,4.5,6,6
OFF-ST-10000585,Storage,3.75,1.6666666666666667,4,3
OFF-ST-10000604,Storage,3.5,9.0,6,1
OFF-ST-10000615,Storage,5.0,2.3333333333333335,5,3
OFF-ST-10000617,Storage,5.0,2.0,4,2
OFF-ST-10000636,Storage,4.5,5.0,6,1
OFF-ST-10000642,Storage,2.6666666666666665,4.666666666666667,3,3
OFF-ST-10000649,Storage,4.0,2.5,3,2
OFF-ST-10000675,Storage,6.0,2.0,5,2
OFF-ST-10000676,Storage,2.0,5.0,1,1
OFF-ST-10000689,Storage,5.4,3.0,5,2
OFF-ST-10000736,Storage,3.875,2.0,8,4
OFF-ST-10000760,Storage,6.0,4.0,2,3
OFF-ST-10000777,Storage,4.333333333333333,2.0,3,2
OFF-ST-10000798,Storage,2.5,5.5,2,2
OFF-ST-10000876,Storage,3.8,3.6666666666666665,5,3
OFF-ST-10000877,Storage,5.666666666666667,3.0,3,1
OFF-ST-10000918,Storage,3.0,2.25,3,4
OFF-ST-10000934,Storage,3.0,3.5,3,2
OFF-ST-10000943,Storage,6.333333333333333,4.0,3,4
OFF-ST-10000991,Storage,3.4285714285714284,3.0,7,1
OFF-ST-10001031,Storage,3.6666666666666665,3.5,3,2
OFF-ST-10001097,Storage,3.75,5.0,4,1
OFF-ST-10001128,Storage,4.75,3.5,4,2
OFF-ST-10001172,Storage,4.5,4.333333333333333,2,3
OFF-ST-10001228,Storage,3.1666666666666665,5.666666666666667,6,3
OFF-ST-10001272,Storage,2.6666666666666665,2.0,3,2
OFF-ST-10001291,Storage,2.6666666666666665,3.5,3,2
OFF-ST-10001321,Storage,4.0,3.5,7,2
OFF-ST-10001325,Storage,3.5714285714285716,2.5,7,4
OFF-ST-10001328,Storage,4.0,3.5,6,2
OFF-ST-10001370,Storage,4.6,5.0,5,3
OFF-ST-10001418,Storage,4.0,4.0,2,3
OFF-ST-10001469,Storage,3.5,3.3333333333333335,4,3
OFF-ST-10001476,Storage,5.333333333333333,6.5,3,2
OFF-ST-10001490,Storage,4.0,3.4,8,5
OFF-ST-10001496,Storage,3.2857142857142856,5.666666666666667,7,3
OFF-ST-10001505,Storage,3.1666666666666665,7.0,6,2
OFF-ST-10001511,Storage,3.1666666666666665,14.0,6,1
OFF-ST-10001522,Storage,3.25,2.5,4,6
OFF-ST-10001526,Storage,6.142857142857143,6.0,7,1
OFF-ST-10001558,Storage,2.8333333333333335,2.8,6,5
OFF-ST-10001580,Storage,2.6666666666666665,2.5,3,2
OFF-ST-10001590,Storage,4.571428571428571,2.6666666666666665,7,3
OFF-ST-10001713,Storage,3.3333333333333335,3.3333333333333335,3,3
OFF-ST-10001780,Storage,3.0,2.3333333333333335,2,3
OFF-ST-10001809,Storage,4.428571428571429,6.0,7,4
OFF-ST-10001837,Storage,3.5,5.0,6,2
OFF-ST-10001932,Storage,3.5,5.0,6,1
OFF-ST-10001963,Storage,5.0,3.0,3,1
OFF-ST-10002011,Storage,4.5,3.0,2,1
OFF-ST-10002182,Storage,4.0,6.0,1,2
OFF-ST-10002205,Storage,7.0,3.0,1,2
OFF-ST-10002214,Storage,3.0,4.5,7,2
OFF-ST-10002276,Storage,1.6666666666666667,2.0,3,2
OFF-ST-10002289,Storage,4.0,1.0,3,1
OFF-ST-10002292,Storage,3.0,2.0,1,1
OFF-ST-10002301,Storage,2.0,2.6,4,5
OFF-ST-10002344,Storage,3.25,2.25,4,4
OFF-ST-10002352,Storage,5.25,4.5,4,2
OFF-ST-10002370,Storage,4.25,3.5,4,2
OFF-ST-10002406,Storage,4.4,2.0,5,1
OFF-ST-10002444,Storage,3.2,4.0,5,1
OFF-ST-10002485,Storage,3.25,2.25,4,4
OFF-ST-10002486,Storage,5.833333333333333,5.0,6,2
OFF-ST-10002554,Storage,3.75,2.8,4,5
OFF-ST-10002562,Storage,2.5,4.6,2,5
OFF-ST-10002574,Storage,4.0,3.2857142857142856,3,7
OFF-ST-10002583,Storage,2.5,2.0,4,3
OFF-ST-10002615,Storage,5.0,3.0,8,1
OFF-ST-10002743,Storage,4.6,4.6,5,5
OFF-ST-10002756,Storage,5.0,3.0,6,1
OFF-ST-10002790,Storage,2.0,3.0,2,3
OFF-ST-10002957,Storage,3.3333333333333335,3.0,3,2
OFF-ST-10002974,Storage,4.25,4.333333333333333,4,3
OFF-ST-10003123,Storage,2.7777777777777777,1.0,9,1
OFF-ST-10003208,Storage,4.125,3.0,8,4
OFF-ST-10003282,Storage,5.333333333333333,2.0,3,1
OFF-ST-10003306,Storage,4.833333333333333,2.0,6,2
OFF-ST-10003327,Storage,2.5,4.0,2,2
OFF-ST-10003442,Storage,3.8333333333333335,3.6666666666666665,6,3
OFF-ST-10003455,Storage,3.25,3.6666666666666665,4,3
OFF-ST-10003470,Storage,4.4,3.0,5,1
OFF-ST-10003479,Storage,3.0,4.333333333333333,4,3
OFF-ST-10003638,Storage,3.0,9.0,4,1
OFF-ST-10003641,Storage,2.5,2.0,2,1
OFF-ST-10003656,Storage,7.0,2.25,1,4
OFF-ST-10003692,Storage,2.6666666666666665,4.333333333333333,3,3
OFF-ST-10003716,Storage,4.333333333333333,3.5,6,6
OFF-ST-10003722,Storage,3.0,6.0,3,1
OFF-ST-10003805,Storage,4.0,5.5,2,2
OFF-ST-10003816,Storage,2.6666666666666665,3.6,3,5
OFF-ST-10003994,Storage,4.0,4.0,2,2
OFF-ST-10003996,Storage,4.0,2.0,3,1
OFF-ST-10004123,Storage,4.5,3.0,4,4
OFF-ST-10004180,Storage,2.6666666666666665,1.5,3,2
OFF-ST-10004258,Storage,3.2,3.0,5,1
OFF-ST-10004337,Storage,5.5,2.0,4,1
OFF-ST-10004340,Storage,3.5714285714285716,5.0,7,3
OFF-ST-10004459,Storage,2.0,6.0,5,3
OFF-ST-10004507,Storage,2.8333333333333335,2.5,6,4
OFF-ST-10004634,Storage,1.8,5.0,5,1
OFF-ST-10004804,Storage,3.0,3.1666666666666665,4,6
OFF-ST-10004946,Storage,4.0,1.0,1,1
OFF-ST-10004950,Storage,1.75,5.142857142857143,4,7
OFF-ST-10004963,Storage,4.75,2.5,4,2
OFF-SU-10000151,Supplies,4.0,3.0,2,1
OFF-SU-10000157,Supplies,3.5,2.5,6,2
OFF-SU-10000381,Supplies,3.6666666666666665,5.0,6,2
OFF-SU-10000646,Supplies,1.5,3.6666666666666665,2,3
OFF-SU-10000898,Supplies,5.25,5.0,4,3
OFF-SU-10000946,Supplies,6.0,4.5,2,2
OFF-SU-10001165,Supplies,3.0,1.5,3,2
OFF-SU-10001212,Supplies,3.0,2.0,1,1
OFF-SU-10001225,Supplies,3.25,2.75,4,4
OFF-SU-10001574,Supplies,2.4285714285714284,1.6666666666666667,7,3
OFF-SU-10001664,Supplies,2.25,4.0,4,3
OFF-SU-10001935,Supplies,2.0,3.0,2,4
OFF-SU-10002189,Supplies,3.5,5.0,2,1
OFF-SU-10002301,Supplies,2.0,7.0,1,1
OFF-SU-10002522,Supplies,3.0,1.5,3,2
OFF-SU-10002537,Supplies,5.2,5.0,5,1
OFF-SU-10002557,Supplies,1.5,1.5,2,2
OFF-SU-10002573,Supplies,3.4285714285714284,2.0,7,1
OFF-SU-10002881,Supplies,4.0,3.3333333333333335,3,3
OFF-SU-10003505,Supplies,3.6,2.0,5,3
OFF-SU-10003567,Supplies,3.0,4.666666666666667,1,3
OFF-SU-10003936,Supplies,2.0,3.0,1,1
OFF-SU-10004115,Supplies,2.0,4.5,2,2
OFF-SU-10004231,Supplies,3.6666666666666665,3.6666666666666665,3,3
OFF-SU-10004261,Supplies,3.5,3.5,2,2
OFF-SU-10004290,Supplies,2.5,2.0,2,1
OFF-SU-10004498,Supplies,3.0,2.6666666666666665,4,3
OFF-SU-10004661,Supplies,2.6666666666666665,2.5,3,2
OFF-SU-10004664,Supplies,5.0,6.5,2,2
OFF-SU-10004768,Supplies,3.0,2.0,1,2
OFF-SU-10004782,Supplies,2.5,4.666666666666667,4,3
OFF-SU-10004884,Supplies,5.0,3.0,2,1
TEC-AC-10000057,Accessories,4.25,2.0,4,1
TEC-AC-10000109,Accessories,3.4,3.0,5,4
TEC-AC-10000158,Accessories,2.8333333333333335,3.3333333333333335,6,3
TEC-AC-10000171,Accessories,3.0,2.0,2,3
TEC-AC-10000199,Accessories,1.0,4.0,1,2
TEC-AC-10000290,Accessories,3.6666666666666665,4.0,3,1
TEC-AC-10000303,Accessories,2.0,2.5,1,2
TEC-AC-10000358,Accessories,4.2,3.0,5,1
TEC-AC-10000387,Accessories,1.0,2.5,1,2
TEC-AC-10000420,Accessories,5.333333333333333,5.0,3,1
TEC-AC-10000474,Accessories,3.0,3.6666666666666665,3,3
TEC-AC-10000521,Accessories,1.5,2.5,2,2
TEC-AC-10000580,Accessories,4.5,2.5,2,2
TEC-AC-10000682,Accessories,3.4,3.0,5,1
TEC-AC-10000736,Accessories,2.4285714285714284,4.0,7,1
TEC-AC-10000844,Accessories,3.0,5.333333333333333,5,3
TEC-AC-10000892,Accessories,3.4,2.5,5,2
TEC-AC-10000927,Accessories,4.666666666666667,3.0,3,1
TEC-AC-10000991,Accessories,3.3333333333333335,3.0,3,1
TEC-AC-10001013,Accessories,3.75,2.0,4,2
TEC-AC-10001090,Accessories,2.0,2.0,1,1
TEC-AC-10001101,Accessories,5.0,3.0,2,2
TEC-AC-10001109,Accessories,3.4,2.75,5,4
TEC-AC-10001114,Accessories,4.666666666666667,1.0,3,1
TEC-AC-10001142,Accessories,4.333333333333333,5.5,3,2
TEC-AC-10001266,Accessories,2.75,3.75,4,4
TEC-AC-10001267,Accessories,3.0,4.0,2,3
TEC-AC-10001284,Accessories,4.25,7.0,4,1
TEC-AC-10001314,Accessories,3.0,4.0,5,3
TEC-AC-10001383,Accessories,6.5,2.0,2,1
TEC-AC-10001465,Accessories,4.5,2.3333333333333335,6,3
TEC-AC-10001539,Accessories,3.3333333333333335,7.0,3,1
TEC-AC-10001542,Accessories,3.5,3.0,2,1
TEC-AC-10001552,Accessories,5.333333333333333,4.5,3,2
TEC-AC-10001553,Accessories,6.0,5.0,1,4
TEC-AC-10001606,Accessories,2.0,3.75,3,4
TEC-AC-10001635,Accessories,6.0,3.0,2,1
TEC-AC-10001714,Accessories,2.3333333333333335,4.0,3,4
TEC-AC-10001767,Accessories,5.333333333333333,3.0,3,3
TEC-AC-10001838,Accessories,4.0,2.0,6,1
TEC-AC-10001874,Accessories,2.0,4.5,1,2
TEC-AC-10001908,Accessories,3.0,10.0,4,2
TEC-AC-10001956,Accessories,2.0,5.0,1,1
TEC-AC-10001990,Accessories,10.0,5.75,1,4
TEC-AC-10001998,Accessories,1.6,3.0,5,1
TEC-AC-10002001,Accessories,3.0,3.75,2,4
TEC-AC-10002006,Accessories,4.5,7.0,4,3
TEC-AC-10002018,Accessories,2.3333333333333335,3.5,3,2
TEC-AC-10002049,Accessories,4.0,4.0,12,3
TEC-AC-10002076,Accessories,9.0,6.666666666666667,1,3
TEC-AC-10002134,Accessories,1.5,6.0,2,1
TEC-AC-10002167,Accessories,3.8,2.0,5,3
TEC-AC-10002217,Accessories,4.5,2.3333333333333335,4,3
TEC-AC-10002323,Accessories,4.8,3.3333333333333335,5,6
TEC-AC-10002331,Accessories,5.0,5.5,3,2
TEC-AC-10002335,Accessories,4.0,4.0,2,2
TEC-AC-10002345,Accessories,3.75,2.5,4,2
TEC-AC-10002370,Accessories,4.0,2.5,1,2
TEC-AC-10002399,Accessories,3.75,2.5,4,2
TEC-AC-10002402,Accessories,3.75,3.75,4,4
TEC-AC-10002473,Accessories,5.25,4.0,4,7
TEC-AC-10002550,Accessories,3.0,3.75,4,4
TEC-AC-10002558,Accessories,4.0,1.0,1,1
TEC-AC-10002567,Accessories,2.25,4.0,4,5
TEC-AC-10002600,Accessories,4.0,5.0,1,1
TEC-AC-10002637,Accessories,5.333333333333333,3.0,3,2
TEC-AC-10002647,Accessories,2.0,2.0,1,1
TEC-AC-10002718,Accessories,7.0,2.8,1,5
TEC-AC-10002800,Accessories,4.333333333333333,2.6666666666666665,6,3
TEC-AC-10002842,Accessories,4.0,7.0,7,1
TEC-AC-10002926,Accessories,3.5,4.5,6,2
TEC-AC-10002942,Accessories,5.0,2.4,1,5
TEC-AC-10003023,Accessories,4.0,2.0,2,3
TEC-AC-10003027,Accessories,3.0,7.0,2,1
TEC-AC-10003033,Accessories,4.0,2.75,6,4
TEC-AC-10003038,Accessories,4.333333333333333,4.5,9,4
TEC-AC-10003063,Accessories,3.2,2.0,5,1
TEC-AC-10003095,Accessories,3.0,2.0,5,1
TEC-AC-10003116,Accessories,4.6,3.0,5,3
TEC-AC-10003174,Accessories,4.0,3.6666666666666665,3,3
TEC-AC-10003198,Accessories,2.3333333333333335,7.333333333333333,3,3
TEC-AC-10003237,Accessories,2.5,6.0,2,1
TEC-AC-10003280,Accessories,2.5,2.75,4,4
TEC-AC-10003289,Accessories,7.0,2.5,3,2
TEC-AC-10003433,Accessories,2.3333333333333335,3.0,3,2
TEC-AC-10003441,Accessories,3.4,2.5,5,2
TEC-AC-10003447,Accessories,4.333333333333333,2.0,3,1
TEC-AC-10003499,Accessories,4.0,4.0,1,4
TEC-AC-10003590,Accessories,7.0,2.0,3,2
TEC-AC-10003610,Accessories,3.0,5.0,5,1
TEC-AC-10003614,Accessories,3.0,2.5,3,2
TEC-AC-10003628,Accessories,3.375,3.5714285714285716,8,7
TEC-AC-10003657,Accessories,2.0,2.75,1,4
TEC-AC-10003709,Accessories,4.0,4.5,3,2
TEC-AC-10003832,Accessories,4.545454545454546,3.5714285714285716,11,7
TEC-AC-10003911,Accessories,2.5,8.0,4,1
TEC-AC-10004001,Accessories,5.0,5.0,1,1
TEC-AC-10004114,Accessories,4.0,6.0,1,1
TEC-AC-10004145,Accessories,6.0,7.0,4,1
TEC-AC-10004171,Accessories,3.75,7.0,4,2
TEC-AC-10004209,Accessories,2.0,4.0,3,2
TEC-AC-10004227,Accessories,1.5,5.6,2,5
TEC-AC-10004353,Accessories,4.0,2.8333333333333335,1,6
TEC-AC-10004469,Accessories,4.142857142857143,4.333333333333333,7,3
TEC-AC-10004510,Accessories,4.75,3.0,8,4
TEC-AC-10004568,Accessories,6.0,3.6666666666666665,5,3
TEC-AC-10004571,Accessories,3.4,2.0,5,4
TEC-AC-10004633,Accessories,4.0,6.0,3,3
TEC-AC-10004659,Accessories,4.0,5.6,1,5
TEC-AC-10004761,Accessories,5.0,2.0,3,1
TEC-AC-10004855,Accessories,2.0,4.666666666666667,1,3
TEC-AC-10004859,Accessories,5.5,6.5,2,2
TEC-AC-10004864,Accessories,2.0,2.6666666666666665,2,3
TEC-AC-10004877,Accessories,5.0,3.0,4,1
TEC-AC-10004901,Accessories,3.0,3.3333333333333335,1,3
TEC-AC-10004975,Accessories,5.0,3.0,3,1
TEC-CO-10000971,Copiers,3.0,2.5,2,4
TEC-CO-10001046,Copiers,2.0,3.5,1,4
TEC-CO-10001449,Copiers,7.0,4.0,2,6
TEC-CO-10001571,Copiers,1.0,1.6,2,5
TEC-CO-10001766,Copiers,7.0,4.0,1,2
TEC-CO-10001943,Copiers,8.0,3.4,1,5
TEC-CO-10002095,Copiers,2.6666666666666665,3.25,3,4
TEC-CO-10002313,Copiers,2.0,5.0,3,1
TEC-CO-10003236,Copiers,5.0,2.0,1,1
TEC-CO-10003763,Copiers,7.0,4.0,1,3
TEC-CO-10004202,Copiers,2.5,2.8,2,5
TEC-CO-10004722,Copiers,4.0,4.0,3,2
TEC-MA-10000423,Machines,3.0,4.5,1,2
TEC-MA-10000488,Machines,5.0,3.0,1,3
TEC-MA-10000864,Machines,7.0,9.0,1,1
TEC-MA-10001127,Machines,4.5,3.0,2,1
TEC-MA-10002428,Machines,7.0,3.0,2,1
TEC-MA-10002859,Machines,7.0,4.0,1,1
TEC-MA-10002930,Machines,2.0,6.0,1,2
TEC-MA-10003183,Machines,3.0,4.0,1,2
TEC-MA-10003356,Machines,3.0,2.0,1,1
TEC-MA-10004626,Machines,4.0,2.0,1,1
TEC-PH-10000011,Phones,8.5,5.666666666666667,2,3
TEC-PH-10000038,Phones,2.0,4.0,1,4
TEC-PH-10000148,Phones,2.0,2.3333333333333335,2,3
TEC-PH-10000149,Phones,6.0,5.0,1,4
TEC-PH-10000169,Phones,4.0,3.0,2,2
TEC-PH-10000193,Phones,3.0,3.0,2,2
TEC-PH-10000215,Phones,4.4,5.0,5,1
TEC-PH-10000307,Phones,1.0,3.0,1,2
TEC-PH-10000347,Phones,2.0,3.25,2,4
TEC-PH-10000369,Phones,5.0,4.666666666666667,1,3
TEC-PH-10000376,Phones,3.0,3.2,2,5
TEC-PH-10000439,Phones,1.0,6.5,2,2
TEC-PH-10000441,Phones,3.0,3.2,3,5
TEC-PH-10000526,Phones,5.0,4.4,2,5
TEC-PH-10000560,Phones,2.0,6.0,2,4
TEC-PH-10000562,Phones,2.0,7.0,1,1
TEC-PH-10000576,Phones,1.0,2.8333333333333335,1,6
TEC-PH-10000586,Phones,4.0,2.0,1,2
TEC-PH-10000673,Phones,2.6666666666666665,8.5,3,2
TEC-PH-10000702,Phones,3.0,6.0,1,4
TEC-PH-10000895,Phones,5.666666666666667,4.6,3,5
TEC-PH-10000923,Phones,3.0,5.0,2,3
TEC-PH-10000984,Phones,3.8,4.0,5,2
TEC-PH-10001061,Phones,7.0,2.6666666666666665,1,3
TEC-PH-10001079,Phones,4.0,5.5,2,2
TEC-PH-10001128,Phones,4.5,6.0,2,2
TEC-PH-10001299,Phones,2.0,3.25,1,4
TEC-PH-10001300,Phones,6.0,3.0,3,2
TEC-PH-10001305,Phones,5.5,5.25,2,4
TEC-PH-10001336,Phones,2.8,3.25,5,4
TEC-PH-10001363,Phones,1.0,3.3333333333333335,1,3
TEC-PH-10001425,Phones,3.0,4.5,2,4
TEC-PH-10001448,Phones,2.6666666666666665,2.5,3,2
TEC-PH-10001459,Phones,5.0,7.25,2,4
TEC-PH-10001494,Phones,6.0,2.5,2,2
TEC-PH-10001527,Phones,2.4,1.5,5,2
TEC-PH-10001530,Phones,3.0,3.875,1,8
TEC-PH-10001536,Phones,3.0,3.0,3,2
TEC-PH-10001552,Phones,5.2,5.2,5,5
TEC-PH-10001557,Phones,3.0,5.6,5,5
TEC-PH-10001578,Phones,3.0,3.0,1,3
TEC-PH-10001580,Phones,3.0,3.5,1,4
TEC-PH-10001615,Phones,3.75,2.0,4,1
TEC-PH-10001619,Phones,3.0,2.0,2,2
TEC-PH-10001644,Phones,4.0,4.0,2,1
TEC-PH-10001700,Phones,2.0,3.3333333333333335,1,6
TEC-PH-10001750,Phones,3.0,3.0,3,5
TEC-PH-10001760,Phones,3.0,3.75,1,4
TEC-PH-10001795,Phones,3.5,3.0,2,3
TEC-PH-10001809,Phones,2.0,2.0,2,3
TEC-PH-10001817,Phones,2.0,3.3333333333333335,1,9
TEC-PH-10001819,Phones,2.3333333333333335,4.0,3,3
TEC-PH-10001835,Phones,4.0,6.0,2,1
TEC-PH-10001944,Phones,3.0,3.3333333333333335,3,3
TEC-PH-10002033,Phones,1.5,3.0,2,2
TEC-PH-10002085,Phones,1.0,4.333333333333333,1,3
TEC-PH-10002103,Phones,4.0,4.25,5,4
TEC-PH-10002115,Phones,3.5,4.0,2,2
TEC-PH-10002170,Phones,3.3333333333333335,3.0,3,3
TEC-PH-10002185,Phones,5.0,2.0,1,4
TEC-PH-10002200,Phones,3.0,4.0,2,6
TEC-PH-10002262,Phones,3.5,5.5,2,2
TEC-PH-10002293,Phones,4.0,3.6,1,5
TEC-PH-10002310,Phones,3.3333333333333335,3.0,3,4
TEC-PH-10002350,Phones,2.5,2.5,2,2
TEC-PH-10002365,Phones,2.5,3.0,2,1
TEC-PH-10002415,Phones,2.0,3.25,1,4
TEC-PH-10002447,Phones,3.5,1.5,2,2
TEC-PH-10002468,Phones,1.0,3.6666666666666665,2,3
TEC-PH-10002496,Phones,5.666666666666667,2.1666666666666665,3,6
TEC-PH-10002538,Phones,3.25,5.5,4,2
TEC-PH-10002549,Phones,3.0,3.8,1,5
TEC-PH-10002555,Phones,3.5,3.0,2,2
TEC-PH-10002563,Phones,7.0,2.75,1,4
TEC-PH-10002564,Phones,3.5,3.3333333333333335,2,6
TEC-PH-10002583,Phones,4.0,1.3333333333333333,2,3
TEC-PH-10002584,Phones,1.0,3.0,1,4
TEC-PH-10002597,Phones,4.0,1.0,1,1
TEC-PH-10002624,Phones,2.5,3.3333333333333335,2,3
TEC-PH-10002660,Phones,5.5,3.5,4,2
TEC-PH-10002680,Phones,3.0,5.0,1,2
TEC-PH-10002726,Phones,2.0,4.0,1,6
TEC-PH-10002807,Phones,2.0,4.333333333333333,1,3
TEC-PH-10002834,Phones,5.666666666666667,3.0,3,2
TEC-PH-10002885,Phones,4.5,3.75,2,4
TEC-PH-10002890,Phones,3.0,3.8333333333333335,4,6
TEC-PH-10002922,Phones,2.0,6.333333333333333,1,3
TEC-PH-10002923,Phones,1.6666666666666667,2.857142857142857,3,7
TEC-PH-10003012,Phones,2.6666666666666665,4.0,6,4
TEC-PH-10003072,Phones,6.0,4.333333333333333,2,3
TEC-PH-10003095,Phones,4.0,3.8333333333333335,1,6
TEC-PH-10003171,Phones,2.75,2.3333333333333335,4,3
TEC-PH-10003187,Phones,3.0,2.0,1,3
TEC-PH-10003215,Phones,6.0,4.0,1,3
TEC-PH-10003273,Phones,4.5,3.0,2,2
TEC-PH-10003356,Phones,2.0,5.5,1,2
TEC-PH-10003442,Phones,3.6666666666666665,5.0,3,2
TEC-PH-10003484,Phones,4.0,3.3333333333333335,2,3
TEC-PH-10003505,Phones,4.0,4.222222222222222,2,9
TEC-PH-10003555,Phones,5.666666666666667,4.0,3,6
TEC-PH-10003589,Phones,5.0,3.8,2,5
TEC-PH-10003645,Phones,4.333333333333333,3.25,3,4
TEC-PH-10003655,Phones,3.0,5.0,1,1
TEC-PH-10003691,Phones,3.75,6.0,4,2
TEC-PH-10003800,Phones,1.5,2.0,2,3
TEC-PH-10003811,Phones,3.5,5.0,2,3
TEC-PH-10003885,Phones,3.3333333333333335,2.5,3,2
TEC-PH-10003931,Phones,3.0,2.8,1,5
TEC-PH-10003963,Phones,3.0,4.0,1,2
TEC-PH-10003988,Phones,2.6,5.0,5,3
TEC-PH-10004042,Phones,2.5,3.5,2,2
TEC-PH-10004093,Phones,3.5,3.2,2,5
TEC-PH-10004094,Phones,7.0,5.0,1,5
TEC-PH-10004100,Phones,2.0,5.0,1,5
TEC-PH-10004120,Phones,6.0,3.5,1,2
TEC-PH-10004165,Phones,3.0,4.166666666666667,3,6
TEC-PH-10004188,Phones,5.0,4.333333333333333,1,3
TEC-PH-10004345,Phones,2.0,4.75,1,4
TEC-PH-10004389,Phones,4.0,3.0,2,1
TEC-PH-10004434,Phones,1.5,9.0,2,1
TEC-PH-10004447,Phones,6.0,3.5714285714285716,1,7
TEC-PH-10004522,Phones,2.0,4.5,1,2
TEC-PH-10004531,Phones,1.0,3.8333333333333335,1,6
TEC-PH-10004536,Phones,4.5,3.0,2,1
TEC-PH-10004539,Phones,4.666666666666667,2.5,3,4
TEC-PH-10004586,Phones,4.0,2.25,2,4
TEC-PH-10004614,Phones,3.3333333333333335,4.5,3,4
TEC-PH-10004667,Phones,1.5,5.75,2,4
TEC-PH-10004700,Phones,4.0,3.0,2,2
TEC-PH-10004774,Phones,4.5,7.0,2,1
TEC-PH-10004833,Phones,13.0,4.333333333333333,1,3
TEC-PH-10004896,Phones,4.5,3.6666666666666665,2,3
TEC-PH-10004897,Phones,4.333333333333333,4.25,3,4
TEC-PH-10004912,Phones,3.0,4.0,1,2
TEC-PH-10004922,Phones,2.5,4.666666666666667,2,3
TEC-PH-10004924,Phones,3.0,2.0,2,1
TEC-PH-10004959,Phones,1.0,3.0,1,1
TEC-PH-10004977,Phones,3.0,3.8333333333333335,3,6
