state,lines,share_discounted,avg_discount,sales,profit,margin_pct,discount_usd
Texas,985,1.0,0.37,170188.0,-25729.0,-15.1,109096.0
Pennsylvania,587,1.0,0.329,116512.0,-15560.0,-13.4,70908.0
California,2001,0.37,0.073,457688.0,76381.0,16.7,69613.0
Ohio,469,1.0,0.325,78258.0,-16971.0,-21.7,56617.0
Illinois,492,1.0,0.39,80166.0,-12608.0,-15.7,53263.0
Florida,383,1.0,0.299,89474.0,-3399.0,-3.8,51604.0
North Carolina,249,1.0,0.284,55603.0,-7491.0,-13.5,32739.0
New York,1128,0.285,0.055,310876.0,74039.0,23.8,32476.0
Tennessee,183,1.0,0.291,30662.0,-5342.0,-17.4,21535.0
Colorado,182,1.0,0.316,32108.0,-6528.0,-20.3,20383.0
Arizona,224,1.0,0.304,35282.0,-3428.0,-9.7,19464.0
Washington,506,0.32,0.064,138641.0,33403.0,24.1,12428.0
Oregon,124,1.0,0.289,17431.0,-1190.0,-6.8,7378.0
Nevada,39,0.308,0.062,16729.0,3317.0,19.8,2620.0
Massachusetts,135,0.052,0.016,28634.0,6786.0,23.7,1700.0
Michigan,255,0.071,0.007,76270.0,24463.0,32.1,859.0
Rhode Island,56,0.071,0.021,22628.0,7286.0,32.2,754.0
New Hampshire,27,0.037,0.011,7293.0,1707.0,23.4,451.0
New Mexico,37,0.297,0.059,4784.0,1157.0,24.2,443.0
Wyoming,1,1.0,0.2,1603.0,100.0,6.3,401.0
Utah,53,0.302,0.06,11220.0,2547.0,22.7,344.0
Maryland,105,0.019,0.006,23706.0,7031.0,29.7,338.0
Idaho,21,0.429,0.086,4382.0,827.0,18.9,289.0
West Virginia,4,0.25,0.075,1210.0,186.0,15.4,289.0
Montana,15,0.333,0.067,5589.0,1833.0,32.8,237.0
Delaware,96,0.021,0.006,27451.0,9977.0,36.3,219.0
New Jersey,130,0.015,0.005,35764.0,9773.0,27.3,179.0
Connecticut,82,0.024,0.007,13384.0,3511.0,26.2,108.0
Alabama,61,0.0,0.0,19511.0,5787.0,29.7,0.0
Arkansas,60,0.0,0.0,11678.0,4009.0,34.3,0.0
District of Columbia,10,0.0,0.0,2865.0,1060.0,37.0,0.0
Georgia,184,0.0,0.0,49096.0,16250.0,33.1,0.0
Indiana,149,0.0,0.0,53555.0,18383.0,34.3,0.0
Iowa,30,0.0,0.0,4580.0,1184.0,25.8,0.0
Kansas,24,0.0,0.0,2914.0,836.0,28.7,0.0
Kentucky,139,0.0,0.0,36592.0,11200.0,30.6,0.0
Louisiana,42,0.0,0.0,9217.0,2196.0,23.8,0.0
Maine,8,0.0,0.0,1271.0,454.0,35.8,0.0
Minnesota,89,0.0,0.0,29863.0,10823.0,36.2,0.0
Mississippi,53,0.0,0.0,10771.0,3173.0,29.5,0.0
Missouri,66,0.0,0.0,22205.0,6436.0,29.0,0.0
Nebraska,38,0.0,0.0,7465.0,2037.0,27.3,0.0
North Dakota,7,0.0,0.0,920.0,230.0,25.0,0.0
Oklahoma,66,0.0,0.0,19683.0,4854.0,24.7,0.0
South Carolina,42,0.0,0.0,8482.0,1769.0,20.9,0.0
South Dakota,12,0.0,0.0,1316.0,395.0,30.0,0.0
Vermont,11,0.0,0.0,8929.0,2245.0,25.1,0.0
Virginia,224,0.0,0.0,70637.0,18598.0,26.3,0.0
Wisconsin,110,0.0,0.0,32115.0,8402.0,26.2,0.0
