order_month,sales,profit,discount_usd,share_discounted,avg_discount
2014-01-01,14237.0,2450.0,1447.0,0.354,0.127
2014-02-01,4520.0,862.0,379.0,0.457,0.176
2014-03-01,55691.0,499.0,31674.0,0.592,0.168
2014-04-01,28295.0,3489.0,4794.0,0.437,0.11
2014-05-01,23648.0,2739.0,7451.0,0.516,0.155
2014-06-01,34595.0,4977.0,6715.0,0.556,0.172
2014-07-01,33946.0,-841.0,13603.0,0.587,0.172
2014-08-01,27909.0,5318.0,5694.0,0.471,0.131
2014-09-01,81777.0,8328.0,24614.0,0.519,0.16
2014-10-01,31453.0,3448.0,5772.0,0.572,0.16
2014-11-01,78629.0,9292.0,18897.0,0.506,0.151
2014-12-01,69546.0,8984.0,16906.0,0.612,0.191
2015-01-01,18174.0,-3281.0,10083.0,0.569,0.178
2015-02-01,11951.0,2814.0,1209.0,0.422,0.13
2015-03-01,38726.0,9732.0,4971.0,0.478,0.14
2015-04-01,34195.0,4187.0,8913.0,0.575,0.176
2015-05-01,30132.0,4668.0,5855.0,0.582,0.166
2015-06-01,24797.0,3336.0,6282.0,0.58,0.172
2015-07-01,28765.0,3289.0,5894.0,0.543,0.17
2015-08-01,36898.0,5356.0,7097.0,0.535,0.156
2015-09-01,64596.0,8209.0,13759.0,0.423,0.141
2015-10-01,31405.0,2817.0,7115.0,0.536,0.162
2015-11-01,75973.0,12475.0,14676.0,0.5,0.162
2015-12-01,74920.0,8017.0,23057.0,0.506,0.137
2016-01-01,18542.0,2825.0,3060.0,0.494,0.133
2016-02-01,22979.0,5005.0,2050.0,0.325,0.096
2016-03-01,51716.0,3612.0,12036.0,0.601,0.191
2016-04-01,38750.0,2978.0,11720.0,0.553,0.156
2016-05-01,56988.0,8662.0,13359.0,0.56,0.184
2016-06-01,40345.0,4750.0,8641.0,0.452,0.139
2016-07-01,39262.0,4433.0,11593.0,0.532,0.159
2016-08-01,31115.0,2062.0,7937.0,0.591,0.186
2016-09-01,73410.0,9329.0,19510.0,0.51,0.149
2016-10-01,59688.0,16243.0,8296.0,0.48,0.147
2016-11-01,79412.0,4011.0,25162.0,0.543,0.158
2016-12-01,96999.0,17885.0,14264.0,0.48,0.135
2017-01-01,43971.0,7140.0,9745.0,0.477,0.161
2017-02-01,20301.0,1614.0,6380.0,0.579,0.182
2017-03-01,58872.0,14752.0,7836.0,0.437,0.131
2017-04-01,36522.0,933.0,13227.0,0.586,0.194
2017-05-01,44261.0,6343.0,8411.0,0.475,0.152
2017-06-01,52982.0,8223.0,9746.0,0.571,0.172
2017-07-01,45264.0,6953.0,10161.0,0.473,0.14
2017-08-01,63121.0,9041.0,15219.0,0.546,0.144
2017-09-01,87867.0,10992.0,21570.0,0.516,0.147
2017-10-01,77777.0,9275.0,21448.0,0.587,0.174
2017-11-01,118448.0,9690.0,35124.0,0.538,0.161
2017-12-01,83829.0,8483.0,23382.0,0.483,0.147
