sub_category,discount_band,lines,base_lines,profit,margin_pct,discount_usd,unit_lift,verdict
Binders,>40%,613,337,-38510.0,-106.6,106963.0,0.046,cut
Machines,>40%,35,29,-27215.0,-50.8,74339.0,-0.273,cut
Tables,21-40%,129,72,-19590.0,-27.7,41202.0,-0.15,cut
Tables,>40%,47,72,-11108.0,-58.0,18163.0,-0.12,cut
Appliances,>40%,67,271,-8630.0,-255.1,13530.0,-0.069,cut
Bookcases,>40%,33,60,-8151.0,-83.4,13047.0,0.241,cut
Chairs,21-40%,158,133,-6737.0,-9.6,30002.0,-0.043,cut
Phones,21-40%,109,311,-6386.0,-18.6,22892.0,0.072,cut
Furnishings,>40%,138,571,-5945.0,-89.5,9967.0,-0.042,cut
Storage,1-20%,316,530,-4249.0,-6.4,16497.0,-0.086,cut
Bookcases,21-40%,37,60,-2947.0,-15.7,8656.0,0.137,cut
Supplies,1-20%,73,117,-2907.0,-19.2,3779.0,-0.01,cut
Tables,1-20%,71,72,-304.0,-0.7,11358.0,-0.081,cut
Fasteners,1-20%,89,128,297.0,24.7,300.0,0.17,keep
Bookcases,1-20%,98,60,1549.0,2.8,11574.0,0.059,keep
Phones,1-20%,469,311,16536.0,9.6,42947.0,0.067,keep
Labels,1-20%,125,239,1124.0,34.6,812.0,-0.079,redesign
Art,1-20%,298,498,1147.0,12.6,2276.0,-0.038,redesign
Envelopes,1-20%,102,152,1987.0,33.9,1468.0,-0.026,redesign
Furnishings,1-20%,248,571,2156.0,9.1,5903.0,-0.043,redesign
Appliances,1-20%,128,271,3584.0,13.7,5920.0,-0.019,redesign
Machines,1-20%,33,29,5802.0,14.0,9868.0,-0.223,redesign
Accessories,1-20%,304,471,6647.0,13.6,12253.0,-0.037,redesign
Paper,1-20%,513,857,8724.0,34.5,6330.0,0.008,redesign
Chairs,1-20%,326,133,11394.0,6.8,35369.0,-0.092,redesign
Copiers,1-20%,37,22,17879.0,31.8,14040.0,-0.137,redesign
Binders,1-20%,573,337,29418.0,34.4,21361.0,0.015,redesign
