spec,outcome,band,coef,ci_lo,ci_hi,p
mix controls,quantity,1-20%,-0.0852787557159874,-0.15645726203633026,-0.01410024939564454,0.01886302174775481
mix controls,quantity,21-40%,-0.02010753163880363,-0.2766557459517268,0.23644068267411955,0.8779121291204021
mix controls,quantity,>40%,0.007941454079821072,-0.1613933791281596,0.17727628728780176,0.9267629799524367
mix controls,profit,1-20%,-59.71690148443414,-70.59969380616647,-48.83410916270181,5.6215494321828786e-27
mix controls,profit,21-40%,-207.12495803653252,-248.7421712665297,-165.50774480653533,1.7636986307607367e-22
mix controls,profit,>40%,-229.9777253389734,-263.83164498591117,-196.12380569203566,1.906410148182477e-40
within state,quantity,1-20%,-0.05372154558356384,-0.1608837695900891,0.053440678422961414,0.3258287271916692
within state,quantity,21-40%,0.015080263018668542,-0.33812342304141385,0.36828394907875095,0.9333093104218625
within state,quantity,>40%,0.0503352319956989,-0.21186923361832738,0.31253969760972516,0.7067287458712437
within state,profit,1-20%,-81.94882091508313,-120.73366164989963,-43.16398018026664,3.4545644154151e-05
within state,profit,21-40%,-241.10297892285953,-329.4706720663966,-152.73528577932245,8.913886988769804e-08
within state,profit,>40%,-268.8480649083499,-357.04449736888444,-180.65163244781533,2.3074976956162792e-09
